No.,Name,Synonym(s),Explanation,Efficiency,Reference,Year,Sequence,Length
1,sgRNA,-,Original single guide-RNA scaffold.,,10.1126/science.1225829,2012.0,GTTTTAGAGCTAGAAATAGCAAGTTAAAATAAGGCTAGTCCGTTATCAACTTGAAAAAGTGGCACCGAGTCGGTGC,76.0
2,Flip + Extension (F+E) sgRNA,HEAT scaffold,"Scaffold with A-U flip in position 4, and a duplex extension. Originally developed for CRISPR imaging.",CRISPR imaging signal-to-background ratio  improved by 5-fold.,10.1016/j.cell.2013.12.001,2013.0,GTTTAAGAGCTATGCTGGAAACAGCATAGCAAGTTTAAATAAGGCTAGTCCGTTATCAACTTGAAAAAGTGGCACCGAGTCGGTGC,86.0
3,Optimized scaffold,esgRNA,"Scaffold was optimized by introducing a duplex extension and truncating the T-stretch to prevent premature transcription termination, replacing position 4 with a cytosine to disrupt the Pol III terminator signal.",Up to 10-fold increase in efficiency. Higher efficiency than (FE) sgRNA,10.1186/s13059-015-0846-3,2015.0,GTTTCAGAGCTATGCTGGAAACAGCATAGCAAGTTGAAATAAGGCTAGTCCGTTATCAACTTGAAAAAGTGGCACCGAGTCGGTGC,86.0
4,cr748,-,Variant of the FE gRNA with higher activity.,Higher activity.,10.1038/s41587-019-0387-5,2020.0,GTTTAAGAGCTAAGCTGGAAACAGCATAGCAAGTTTAAATAAGGCTAGTCCGTTATCAACTCGAGAGAGTGGCACCGAGTCGGTGC,86.0
5,cr289,-,Variant of the FE gRNA with higher activity.,Higher activity.,10.1038/s41587-019-0387-5,2020.0,GTTTAAGAGCTAAGCTGGAAACAGCATAGCAAGTTTAAATAAGGCTAGTCCGTTATCAACTGGAAACAGTGGCACCGAGTCGGTGC,86.0
6,cr622,-,Variant of the FE gRNA with higher activity.,Higher activity.,10.1038/s41587-019-0387-5,2020.0,GTTTAAGAGCTAAGCTGGAAACAGCATAGCAAGTTTAAATAAGGCTAGTCCGTTATCAGCTGGAAACAGCGGCACCGAGTCGGTGC,86.0
7,cr772,-,Variant of the FE gRNA with higher activity.,Higher activity.,10.1038/s41587-019-0387-5,2020.0,GTTTAAGAGCTAAGCTGGAAACAGCATAGCAAGTTTAAATAAGGCTAGTCCGTTATCAACTCGAAAGAGTGGCACCGAGTCGGTGC,86.0
8,cr532,-,Variant of the FE gRNA with higher activity.,Higher activity.,10.1038/s41587-019-0387-5,2020.0,GTTTAAGAGCTAAGCTGGAAACAGCATAGCAAGTTTAAATAAGGCTAGTCCGTTATCAACGTGAAAACGTGACTCCGAGTCGGAGT,86.0
9,cr961,-,Variant of the FE gRNA with higher activity.,Higher activity.,10.1038/s41587-019-0387-5,2020.0,GTTTAAGAGCTAAGCTGGAAACAGCATAGCAAGTTTAAATAAGGCTAGTCCGTTATCAACTCGAAAGAGTGCAACCGAGTCGGTTG,86.0
10,T-lock,-,Scaffold with additional stable hairpin to prevent gRNA misfolding. ,Cleavage efficiency increase of up to 2.5 fold in most extreme case for in vivo-transcribed sgRNAs.,10.1038/s41467-022-28137-7,2022.0,GTTTTAGAGCTATGCTGAAAAGCATAGCAAGTTAAAATAAGGCTAGTCCGTTATCAACTTGGACTTCGGTCCAAGTGGCACCGAGTCGGTGC,92.0
11,apegRNA-2,-,Scaffold optimized for prime editing.,Increases PE efficiency up-to 10.6-fold (on-average 2.77-fold). ,10.1038/s41467-022-29339-9,2022.0,GTTTTAGAGCTAGAAATAGCAAGTTAAAATAAGGCTAGTCCGTTATCGACTTGAAAAAGTCGGACCGAGTCGGTCC,76.0
12,RGen-6,-,"Scaffold with inceased activity for KO, base editing and prime editing. Designed by AI. ","Increase of up to two-fold for KO efficiency, 2.5-fold for BE, and 1.2 fold for PE.",10.1101/2024.12.30.630826,2024.0,GTTTTAGAGCTAAAAATAGCAAGTTAAAATAAGGCTAGACCGATCTCAACGGGACACCGTGGCACCGAGTCGGTGC,76.0
13,Diversified pegRNA 318,-,Scaffold optimized for prime editing. Also part of reduced sequence-homology set (entry 155-170).,Increase of up to five-fold for PE.,10.1038/s41587-025-02896-2,2025.0,GTTCTGGAGCTAGAAATAGCAAGTCAGAATAAGGCTAGTCCGTTATCAATCCGAAAGGATGGGACCGAGTCGGTCC,76.0
14,GV-3,-,Mutational analysis of scaffold. Similar efficiency as original scaffold in HEK293 cells.,Similar efficiency. ,10.1016/j.molcel.2014.09.019 ,2014.0,GTTTTAGAGGATGAAAATCCAAGTTAAAATAAGGCTAGTCCGTTATCAACTTGAAAAAGTGGCACCGAGTCGGTGC,76.0
15,GV-12,-,Mutational analysis of scaffold. Similar efficiency as original scaffold in HEK293 cells.,Similar efficiency.  ,10.1016/j.molcel.2014.09.019 ,2014.0,GTTTTAGACTCAGAAATCACAAGTTAAAATAAGGCTAGTCCGTTATCAACTTGAAAAAGTGGCACCGAGTCGGTGC,76.0
16,GV-10,-,Mutational analysis of scaffold. Similar efficiency as original scaffold in HEK293 cells.,Similar efficiency.  ,10.1016/j.molcel.2014.09.019 ,2014.0,GTCTCAGAGCTAGAAATAGCAAGTTGAGATAAGGCTAGTCCGTTATCAACTTGAAAAAGTGGCACCGAGTCGGTGC,76.0
17,GV-16,-,Mutational analysis of scaffold. Similar efficiency as original scaffold in HEK293 cells.,Similar efficiency.  ,10.1016/j.molcel.2014.09.019 ,2014.0,ATTTTAGAGCTAGAAATAGCAAGTTAAAATAAGGCTAGTCCGTTATCAACTTGAAAAAGTGGCACCGAGTCGGTGC,76.0
18,GV-17,-,Mutational analysis of scaffold. Similar efficiency as original scaffold in HEK293 cells.,Similar efficiency.  ,10.1016/j.molcel.2014.09.019 ,2014.0,ATTTTAGAGCTAGAAATAGCAAGTTAAAACAAGGCTAGTCCGTTATCAACTTGAAAAAGTGGCACCGAGTCGGTGC,76.0
19,GV-42,-,Mutational analysis of scaffold. Similar efficiency as original scaffold in HEK293 cells.,Similar efficiency.  ,10.1016/j.molcel.2014.09.019 ,2014.0,GTTTTAGCTAGAAATAGCAAGTTAAAATAAGGCTAGTCCGTTATCAACTTGAAAAAGTGGCACCGAGTCGGTGC,76.0
20,GV-47,-,Mutational analysis of scaffold. Similar efficiency as original scaffold in HEK293 cells.,Similar efficiency.  ,10.1016/j.molcel.2014.09.019 ,2014.0,GTTTTAGAGCTAGAAATAGCGTTAAAATAAGGCTAGTCCGTTATCAACTTGAAAAAGTGGCACCGAGTCGGTGC,74.0
21,GV-34,-,Mutational analysis of scaffold. Similar efficiency as original scaffold in HEK293 cells.,Similar efficiency.  ,10.1016/j.molcel.2014.09.019 ,2014.0,GTTTTAGAGACAAGTTAAAATAAGGCTAGTCCGTTATCAACTTGAAAAAGTGGCACCGAGTCGGTGC,74.0
22,GV-62,-,Mutational analysis of scaffold. Similar efficiency as original scaffold in HEK293 cells.,Similar efficiency.  ,10.1016/j.molcel.2014.09.019 ,2014.0,GTTTTAGAGCTAGAAATAGCAAGTTAAAATAAGACTAGTTCGTTATCAACTTGAAAAAGTGGCACCGAGTCGGTGC,67.0
23,GV-54,-,Mutational analysis of scaffold. Similar efficiency as original scaffold in HEK293 cells.,Similar efficiency.  ,10.1016/j.molcel.2014.09.019 ,2014.0,GTTTTAGAGCTAGAAATAGCAAGTTAAAATAAGGCTAGTCCGAATTCAACTTGAAAAAGTGGCACCGAGTCGGTGC,76.0
24,GV-33,-,Mutational analysis of scaffold. Similar efficiency as original scaffold in HEK293 cells.,Similar efficiency.  ,10.1016/j.molcel.2014.09.019 ,2014.0,GTTTTAGAGGAAACAAGTTAAAATAAGGCTAGTCCGTTATCAACTTGAAAAAGTGGCACCGAGTCGGTGC,76.0
25,GV-41,-,Mutational analysis of scaffold. Similar efficiency as original scaffold in HEK293 cells.,Similar efficiency.  ,10.1016/j.molcel.2014.09.019 ,2014.0,GTTTTAGGCTAGAAATAGCAAGTTAAAATAAGGCTAGTCCGTTATCAACTTGAAAAAGTGGCACCGAGTCGGTGC,70.0
26,GV-43,-,Mutational analysis of scaffold. Similar efficiency as original scaffold in HEK293 cells.,Similar efficiency.  ,10.1016/j.molcel.2014.09.019 ,2014.0,GTTTTAGCTAGAAATAGCAAGTTAAAATAAGGCTAGTCCGTTATCAACTTGAAAAAGTGGCACCGAGTCGGTGC,75.0
27,GV-44,-,Mutational analysis of scaffold. Similar efficiency as original scaffold in HEK293 cells.,Similar efficiency.  ,10.1016/j.molcel.2014.09.019 ,2014.0,GTTTTAGAGCTAGAAATAGCAGTTAAAATAAGGCTAGTCCGTTATCAACTTGAAAAAGTGGCACCGAGTCGGTGC,74.0
28,GV-45,-,Mutational analysis of scaffold. Similar efficiency as original scaffold in HEK293 cells.,Similar efficiency.  ,10.1016/j.molcel.2014.09.019 ,2014.0,GTTTTAGAGCTAGAAATAGCGTTAAAATAAGGCTAGTCCGTTATCAACTTGAAAAAGTGGCACCGAGTCGGTGC,75.0
29,GV-46,-,Mutational analysis of scaffold. Similar efficiency as original scaffold in HEK293 cells.,Similar efficiency.  ,10.1016/j.molcel.2014.09.019 ,2014.0,GTTTTAGAGCTAGAAATAAGTTAAAATAAGGCTAGTCCGTTATCAACTTGAAAAAGTGGCACCGAGTCGGTGC,74.0
30,GV-81,-,Mutational analysis of scaffold. Similar efficiency as original scaffold in HEK293 cells.,Similar efficiency.,10.1016/j.molcel.2014.09.019 ,2014.0,GTTTTAGAGCTAGAAATAGCAAGTTAAAATAAGGCTAGTCCGTTATCAACTTGGCACCGAGTCGGTGC,73.0
31,Mutated proximal duplex,RAR-rescue 1 scaffold; GCCC-sgRNA,Mutational analysis of scaffold. Similar efficiency as original scaffold in HEK293FT cells. Also known as RAR rescue-1 scaffold (10.1016/j.cell.2014.02.001). More self-editing than the original scaffold when used in combination with SpRY Cas9 (10.1186/s13059-020-02231-9).,Similar efficiency.,10.1016/j.cell.2014.02.001,2015.0,GCCCCAGAGCTAGAAATAGCAAGTTGGGGTAAGGCTAGTCCGTTATCAACTTGAAAAAGTGGCACCGAGTCGGTGC,76.0
32,Truncated distal duplex,RAR-rescue 1 scaffold,Mutational analysis of scaffold. Similar efficiency as original scaffold in HEK293FT cells. Also known as RAR rescue-2 scaffold (10.1016/j.cell.2014.02.001).,Similar efficiency.,10.1016/j.cell.2014.02.001,2015.0,GTTTTAGAGACAAGTTAAAATAAGGCTAGTCCGTTATCAACTTGAAAAAGTGGCACCGAGTCGGTGC,67.0
33,Truncate linker,Linker rescue scaffold,Mutational analysis of scaffold. Similar efficiency as original scaffold in HEK293FT cells.  Also known as linker rescue scaffold (10.1016/j.cell.2014.02.001).,Similar efficiency.,10.1016/j.cell.2014.02.001,2015.0,GTTTTAGAGCTAGAAATAGCAAGTTAAAATAAGGCTAGTCCGTAACTTGAAAAAGTGGCACCGAGTCGGTGC,72.0
34,Replace stem loop 2,SL2 rescue scaffold,Mutational analysis of scaffold. Similar efficiency as original scaffold in HEK293FT cells. Also known as SL2 rescue scaffold (10.1016/j.cell.2014.02.001).,Similar efficiency.,10.1016/j.cell.2014.02.001,2015.0,GTTTTAGAGCTAGAAATAGCAAGTTAAAATAAGGCTAGTCCGTTATCACGCCGAAAGGCGGGCACCGAGTCGGTGC,76.0
35,Lengthen stem loop 2,-,Mutational analysis of scaffold. Similar efficiency as original scaffold in HEK293FT cells.,Similar efficiency.,10.1016/j.cell.2014.02.001,2015.0,GTTTTAGAGCTAGAAATAGCAAGTTAAAATAAGGCTAGTCCGTTATCAACTTGAGAAATCAAGTGGCACCGAGTCGGTGC,80.0
36,Mutate stem loop 3,-,Mutational analysis of scaffold. Similar efficiency as original scaffold in HEK293FT cells.,Similar efficiency.,10.1016/j.cell.2014.02.001,2015.0,GTTTTAGAGCTAGAAATAGCAAGTTAAAATAAGGCTAGTCCGTTATCAACTTGAAAAAGTGGCCCCGCGGCGGGGC,76.0
37,GCCC-esgRNA,-,"Modified ""Optimized sgRNA"" with the replacement of  thymines at positions 2–5 with cytosines. Prevents self-editing in Cas9-NG-based base editors. Tested in rice (Oryza sativa)",Similar efficiency.,10.1038/s41477-020-0603-9,2020.0,GCCCCAGAGCTATGCTGGAAACAGCATAGCAAGTTGGGGTAAGGCTAGTCCGTTATCAACTTGAAAAAGTGGCACCGAGTCGGTGC,86.0
38,Scaffold 56,-,Directed evolution to generate novel scaffold variants. Similar efficiency as original scaffold in HeLa cells. See paper for other (lower performance) variants.,Similar efficiency.,10.1016/j.chembiol.2023.06.007,2023.0,GTTTTACAGCTAGAGATAGCAAGTTAAAATAAGGCTAGTTCGTTACCAACGAGAACACGTGGCACCGAGTCGGTGC,76.0
39,Scaffold 96,-,Directed evolution to generate novel scaffold variants. Similar efficiency as original scaffold in HeLa cells. See paper for other (lower performance) variants.,Similar efficiency.,10.1016/j.chembiol.2023.06.007,2023.0,GTATTCGAGTCAGAAATGGCACGTGAATATAAGACTAGTTCGTACTCAACTGGCAAGCGTGGCACCGAGTCGGTGC,76.0
40,Scaffold 3,-,Directed evolution to generate novel scaffold variants. Similar efficiency as original scaffold in HeLa cells. See paper for other (lower performance) variants.,Similar efficiency.,10.1016/j.chembiol.2023.06.007,2023.0,GTTTTAGAGCTAGAAATAGCAAGTTAAAATAAGGCTAGTCCGTTCTCAACGGAAACCGTGGCACCGAGTCGGTGC,75.0
41,Scaffold 87,-,Directed evolution to generate novel scaffold variants. Similar efficiency as original scaffold in HeLa cells. See paper for other (lower performance) variants.,Similar efficiency.,10.1016/j.chembiol.2023.06.007,2023.0,GTTTTGGACCTAGAAATAGGACGTCAAAATAAGCCTAGTGCGTGCTCAACCTGAAATGGTGGCACCGAGTCGGTGC,76.0
42,SL1 rescue-1 scaffold,-,Modified scaffold to avoid spacer-SL1 interaction.,Similar efficiency.,10.1093/nar/gkad323,2023.0,GTTTTAGAGCTAGAAATAGCAAGTTAAAATAAAGCCGGTCTGTTATCAACTTGAAAAAGTGGCACCGAGTCGGTGC,76.0
43,SL1 rescue-2 scaffold,-,Modified scaffold to avoid spacer-SL1 interaction.,Similar efficiency.,10.1093/nar/gkad323,2023.0,GTTTTAGAGCTAGAAATAGCAAGTTAAAATAAGACTAGTTCGTTATCAACTTGAAAAAGTGGCACCGAGTCGGTGC,76.0
44,Scfv05,-,"Scaffold derived from ""Optimized sgRNA"" by a combination of structure-guided mutagenesis and random mutagenesis. Tested in N. benthamiana leaves by agroinfiltration and in tomato (24-plex) with optimized sgRNA, original sgRNA, and variants Scfv06, 09, 11, 12, 15, 25.",Similar efficiency.,10.1111/pbi.14198,2023.0,GTTACAGACCAATGCTGACAACAGCATTGGAAGTTGTAATAAGCCTAGTGCGTTATCAAGTTGAAAAACTGCCCACGAGTCGTGGG,86.0
45,Scfv06,-,"Scaffold derived from ""Optimized sgRNA"" by a combination of structure-guided mutagenesis and random mutagenesis. Tested in N. benthamiana leaves by agroinfiltration and in tomato (24-plex) with optimized sgRNA, original sgRNA, and variants Scfv05, 09, 11, 12, 15, 25.",Similar efficiency.,10.1111/pbi.14198,2023.0,GTTTGAGAGCAATGGTGGAAACACCATTGCAAGTTCAAATACGGCATGTCCGATATCAGCCTGAAAAGGCGGAAACGAGTCGTTTC,86.0
46,Scfv09,-,"Scaffold derived from ""Optimized sgRNA"" by a combination of structure-guided mutagenesis and random mutagenesis. Tested in N. benthamiana leaves by agroinfiltration and in tomato (24-plex) with optimized sgRNA, original sgRNA, and variants Scfv05, 06, 11, 12, 15, 25.",Similar efficiency. No editing observed in tomato multiplexing experiment.,10.1111/pbi.14198,2023.0,GTTACAGAGTCATGTCGGAAACGACATGACAAGTTGTAATAACCGTACTGGGTTATCAATCTGAAAAGATGGCTCCGAGTCGGAGC,86.0
47,Scfv11,-,"Scaffold derived from ""Optimized sgRNA"" by a combination of structure-guided mutagenesis and random mutagenesis. Tested in N. benthamiana leaves by agroinfiltration and in tomato (24-plex) with optimized sgRNA, original sgRNA, and variants Scfv05, 06, 09, 12, 15, 25.",Similar efficiency.,10.1111/pbi.14198,2023.0,GTTTGAGAGAGATGAGGGAAACCTCATCTCAAGTTCAAATAAGCGTACTGCGTTATCAAAGTGAAAACTTGGCCACGAGTCGTGGC,86.0
48,Scfv12,-,"Scaffold derived from ""Optimized sgRNA"" by a combination of structure-guided mutagenesis and random mutagenesis. Tested in N. benthamiana leaves by agroinfiltration and in tomato (24-plex) with optimized sgRNA, original sgRNA, and variants Scfv05, 06, 09, 11, 15, 25.",Similar efficiency.,10.1111/pbi.14198,2023.0,GTTGAAGAGTGATGTGGGAAACCACATCACAAGTTTCAATAAGGGTACTCCGTTATCAATGTGAAAACATGGCGACGAGTCGTCGC,86.0
49,Scfv14,-,"Scaffold derived from ""Optimized sgRNA"" by a combination of structure-guided mutagenesis and random mutagenesis. Tested in N. benthamiana leaves by agroinfiltration.",Similar efficiency.,10.1111/pbi.14198,2023.0,GTTCAAGAGGTATGGTGGAAACACCATACCAAGTTTGAATAACGCTAGTCGGTTATCAAGTTGAAAAACTGGCAGCGAGTCGCTGC,86.0
50,Scfv15,-,"Scaffold derived from ""Optimized sgRNA"" by a combination of structure-guided mutagenesis and random mutagenesis. Tested in N. benthamiana leaves by agroinfiltration and in tomato (24-plex) with optimized sgRNA, original sgRNA, and variants Scfv05, 06, 09, 11, 12, 25.",Similar efficiency.,10.1111/pbi.14198,2023.0,GTTCTAGAGCAATGCAGGAAACTGCATTGCAAGTTAGAATAAGCCTAGTGCGTTATCAACATGAAAAACTGGCAGCGAGTCGCTGC,86.0
51,Scfv16,-,"Scaffold derived from ""Optimized sgRNA"" by a combination of structure-guided mutagenesis and random mutagenesis. Tested in N. benthamiana leaves by agroinfiltration.",Similar efficiency.,10.1111/pbi.14198,2023.0,GTTGAAGAATGATGTGGGAAACCACATCACAAGTTTCAATAAGGGTACTCCGTTATCAATGTGAAAACATGGCGACGAGTCGTCGC,86.0
52,Scfv17,-,"Scaffold derived from ""Optimized sgRNA"" by a combination of structure-guided mutagenesis and random mutagenesis. Tested in N. benthamiana leaves by agroinfiltration.",Similar efficiency.,10.1111/pbi.14198,2023.0,GTTGAAGGGTGATGTGGGAAACCACATCACAAGTTTCAATAAGGGTACTCCGTTATCAATGTGAAAACATGGCGACGAGTCGTCGC,86.0
53,Scfv18,-,"Scaffold derived from ""Optimized sgRNA"" by a combination of structure-guided mutagenesis and random mutagenesis. Tested in N. benthamiana leaves by agroinfiltration.",Similar efficiency.,10.1111/pbi.14198,2023.0,GTTGAAGAGTGATGTGGGAAACCACATCACAAGTTTCAATAAGGGTACTCCGTTCTCAATGTGAAAACATGGCGACGAGTCGTCGC,86.0
54,Scfv19,-,"Scaffold derived from ""Optimized sgRNA"" by a combination of structure-guided mutagenesis and random mutagenesis. Tested in N. benthamiana leaves by agroinfiltration.",Similar efficiency.,10.1111/pbi.14198,2023.0,GTTACAGACCAATGCTGACAACAGCATTGGAAGTTGTAATAAGCCTAGTGCGTTATCAAGTTGAAAAACTGCCCACGAGTCGTGGT,86.0
55,Scfv20,-,"Scaffold derived from ""Optimized sgRNA"" by a combination of structure-guided mutagenesis and random mutagenesis. Tested in N. benthamiana leaves by agroinfiltration.",Similar efficiency.,10.1111/pbi.14198,2023.0,GTTACAGACCA-TGCTGACAACAGCATTGGAAGTTGTAATAAGCCTAGTGCGTTATCAAGTTGAAAAACTGCCCACGAGTCGTGGG,86.0
56,Scfv21,-,"Scaffold derived from ""Optimized sgRNA"" by a combination of structure-guided mutagenesis and random mutagenesis. Tested in N. benthamiana leaves by agroinfiltration.",Similar efficiency.,10.1111/pbi.14198,2023.0,GTTACAGACCAATGCAGACAACAGCATTGGAAGTTGTAATAAGCCTAGTGCGTTATCAAGTTGAAAAACTGCCCACGAGTCGTGGG,86.0
57,Scfv22,-,"Scaffold derived from ""Optimized sgRNA"" by a combination of structure-guided mutagenesis and random mutagenesis. Tested in N. benthamiana leaves by agroinfiltration.",Similar efficiency.,10.1111/pbi.14198,2023.0,GTTGAAGAGTGATGTGGGAAACCACATCACAAGTTTCAATAAGGGTACTCCGTTCTCAATGTGAAAACATGGCGACGAGTCGTCGA,86.0
58,Scfv23,-,"Scaffold derived from ""Optimized sgRNA"" by a combination of structure-guided mutagenesis and random mutagenesis. Tested in N. benthamiana leaves by agroinfiltration.",Similar efficiency.,10.1111/pbi.14198,2023.0,GTTGAAGAGTGTGTGGGAAACCACATCACAAGTTTCAATAAGGGTACTCCGTTCTCAATGTGAAAACATGGCGACGAGTCGTCGC,85.0
59,Scfv24,-,"Scaffold derived from ""Optimized sgRNA"" by a combination of structure-guided mutagenesis and random mutagenesis. Tested in N. benthamiana leaves by agroinfiltration.",Similar efficiency.,10.1111/pbi.14198,2023.0,GTTGAAGGGTGTGTGGGAAACCACATCACAAGTTTCAATAAGGGTACTCCGTTATCAATGTGAAAACATGGCGACGAGTCGTCGC,85.0
60,Scfv25,-,"Scaffold derived from ""Optimized sgRNA"" by a combination of structure-guided mutagenesis and random mutagenesis. Tested in N. benthamiana leaves by agroinfiltration and in tomato (24-plex) with optimized sgRNA, original sgRNA, and variants Scfv05, 06, 09, 11, 12, 15.",Similar efficiency.,10.1111/pbi.14198,2023.0,GTTGAAGGGTGATGTGGGAAACCACATCACAAGTTTCAATAAGGGTACTCCGTTCTCAATGTGAAAACATGGCGACGAGTCGTCGC,86.0
61,Scfv26,-,"Scaffold derived from ""Optimized sgRNA"" by a combination of structure-guided mutagenesis and random mutagenesis. Tested in N. benthamiana leaves by agroinfiltration.",Similar efficiency.,10.1111/pbi.14198,2023.0,GTTGAAGGATGATGTGGGAAACCACATCACAAGTTTCAATAAGGGTACTCCGTTATCAATGTGAAAACATGGCGACGAGTCGTCGC,86.0
62,Scfv27,-,"Scaffold derived from ""Optimized sgRNA"" by a combination of structure-guided mutagenesis and random mutagenesis. Tested in N. benthamiana leaves by agroinfiltration.",Similar efficiency.,10.1111/pbi.14198,2023.0,GTTGAAGAATGATGTGGGAAACCACATCACAAGTTTCAATAAGGGTACTCCGTTCTCAATGTGAAAACATGGCGACGAGTCGTCGC,86.0
63,Scfv28,-,"Scaffold derived from ""Optimized sgRNA"" by a combination of structure-guided mutagenesis and random mutagenesis. Tested in N. benthamiana leaves by agroinfiltration.",Similar efficiency.,10.1111/pbi.14198,2023.0,GTTGAAGAATGATGTGGGAAACCACATCACAAGTTTCAATAAGGGTACTCCGTTATCAATGTGAAAACATGGCGACGAGTCGTCGA,86.0
64,Scfv29,-,"Scaffold derived from ""Optimized sgRNA"" by a combination of structure-guided mutagenesis and random mutagenesis. Tested in N. benthamiana leaves by agroinfiltration.",Similar efficiency.,10.1111/pbi.14198,2023.0,GTTGAAGAATGTGTGGGAAACCACATCACAAGTTTCAATAAGGGTACTCCGTTATCAATGTGAAAACATGGCGACGAGTCGTCGC,85.0
65,Scfv30,-,"Scaffold derived from ""Optimized sgRNA"" by a combination of structure-guided mutagenesis and random mutagenesis. Tested in N. benthamiana leaves by agroinfiltration.",Similar efficiency.,10.1111/pbi.14198,2023.0,GTTGAAGGGTGATGTGGGAAACCACATCACAAGTTTCAATAAGGGTACTCCGTTCTCAATGTGAAAACATGGCGACGAGTCGTCGA,86.0
66,Scfv31,-,"Scaffold derived from ""Optimized sgRNA"" by a combination of structure-guided mutagenesis and random mutagenesis. Tested in N. benthamiana leaves by agroinfiltration.",Similar efficiency.,10.1111/pbi.14198,2023.0,GTTGAAGGATGATGTGGGAAACCACATCACAAGTTTCAATAAGGGTACTCCGTTATCAATGTGAAAACATGGCGACGAGTCGTCGA,86.0
67,Scfv32,-,"Scaffold derived from ""Optimized sgRNA"" by a combination of structure-guided mutagenesis and random mutagenesis. Tested in N. benthamiana leaves by agroinfiltration.",Similar efficiency.,10.1111/pbi.14198,2023.0,GTTGAAGGATGTGTGGGAAACCACATCACAAGTTTCAATAAGGGTACTCCGTTATCAATGTGAAAACATGGCGACGAGTCGTCGC,85.0
68,Scfv33,-,"Scaffold derived from ""Optimized sgRNA"" by a combination of structure-guided mutagenesis and random mutagenesis. Tested in N. benthamiana leaves by agroinfiltration.",Similar efficiency.,10.1111/pbi.14198,2023.0,GTTGAAGGATGATGTGGGAAACCACATCACAAGTTTCAATAAGGGTACTCCGTTCTCAATGTGAAAACATGGCGACGAGTCGTCGC,86.0
69,Scfv34,-,"Scaffold derived from ""Optimized sgRNA"" by a combination of structure-guided mutagenesis and random mutagenesis. Tested in N. benthamiana leaves by agroinfiltration.",Similar efficiency.,10.1111/pbi.14198,2023.0,GTTGAAGAATGATGTGGGAAACCACATCACAAGTTTCAATAAGGGTACTCCGTTCTCAATGTGAAAACATGGCGACGAGTCGTCGA,86.0
70,Scfv35,-,"Scaffold derived from ""Optimized sgRNA"" by a combination of structure-guided mutagenesis and random mutagenesis. Tested in N. benthamiana leaves by agroinfiltration.",Similar efficiency.,10.1111/pbi.14198,2023.0,GTTGAAGAATGTGTGGGAAACCACATCACAAGTTTCAATAAGGGTACTCCGTTCTCAATGTGAAAACATGGCGACGAGTCGTCGC,85.0
71,Scfv36,-,"Scaffold derived from ""Optimized sgRNA"" by a combination of structure-guided mutagenesis and random mutagenesis. Tested in N. benthamiana leaves by agroinfiltration.",Similar efficiency.,10.1111/pbi.14198,2023.0,GTTGAAGGATGTGTGGGAAACCACATCACAAGTTTCAATAAGGGTACTCCGTTCTCAATGTGAAAACATGGCGACGAGTCGTCGC,85.0
72,Scfv37,-,"Scaffold derived from ""Optimized sgRNA"" by a combination of structure-guided mutagenesis and random mutagenesis. Tested in N. benthamiana leaves by agroinfiltration.",Similar efficiency.,10.1111/pbi.14198,2023.0,GTTGAAGGATGATGTGGGAAACCACATCACAAGTTTCAATAAGGGTACTCCGTTCTCAATGTGAAAACATGGCGACGAGTCGTCGA,86.0
73,Scfv38,-,"Scaffold derived from ""Optimized sgRNA"" by a combination of structure-guided mutagenesis and random mutagenesis. Tested in N. benthamiana leaves by agroinfiltration.",Similar efficiency.,10.1111/pbi.14198,2023.0,GTTGAAGGATGTGTGGGAAACCACATCACAAGTTTCAATAAGGGTACTCCGTTCTCAATGTGAAAACATGGCGACGAGTCGTCGA,85.0
74,Scfv39,-,"Scaffold derived from ""Optimized sgRNA"" by a combination of structure-guided mutagenesis and random mutagenesis. Tested in N. benthamiana leaves by agroinfiltration.",Similar efficiency.,10.1111/pbi.14198,2023.0,GTTACAGGCCAATGCTGACAACAGCATTGGAAGTTGTAATAAGCCTAGTGCGTTATCAAGTTGAAAAACTGCCCACGAGTCGTGGT,86.0
75,Scfv40,-,"Scaffold derived from ""Optimized sgRNA"" by a combination of structure-guided mutagenesis and random mutagenesis. Tested in N. benthamiana leaves by agroinfiltration.",Similar efficiency.,10.1111/pbi.14198,2023.0,GTTACAGACCAATGCTGACAACAGCATTGGAAGTTGTAATAAGCCTAGTGCGTTCTCAAGTTGAAAAACTGCCCACGAGTCGTGGT,86.0
76,Scfv41,-,"Scaffold derived from ""Optimized sgRNA"" by a combination of structure-guided mutagenesis and random mutagenesis. Tested in N. benthamiana leaves by agroinfiltration.",Similar efficiency.,10.1111/pbi.14198,2023.0,GTTACAGACCATGCTGACAACAGCATTGGAAGTTGTAATAAGCCTAGTGCGTTATCAAGTTGAAAAACTGCCCACGAGTCGTGGT,85.0
77,Scfv42,-,"Scaffold derived from ""Optimized sgRNA"" by a combination of structure-guided mutagenesis and random mutagenesis. Tested in N. benthamiana leaves by agroinfiltration.",Similar efficiency.,10.1111/pbi.14198,2023.0,GTTACAGGCCATGCTGACAACAGCATTGGAAGTTGTAATAAGCCTAGTGCGTTATCAAGTTGAAAAACTGCCCACGAGTCGTGGG,85.0
78,Scfv43,-,"Scaffold derived from ""Optimized sgRNA"" by a combination of structure-guided mutagenesis and random mutagenesis. Tested in N. benthamiana leaves by agroinfiltration.",Similar efficiency.,10.1111/pbi.14198,2023.0,GTTACAGACCATGCTGACAACAGCATTGGAAGTTGTAATAAGCCTAGTGCGTTCTCAAGTTGAAAAACTGCCCACGAGTCGTGGG,85.0
79,Scfv44,-,"Scaffold derived from ""Optimized sgRNA"" by a combination of structure-guided mutagenesis and random mutagenesis. Tested in N. benthamiana leaves by agroinfiltration.",Similar efficiency.,10.1111/pbi.14198,2023.0,GTTACAGACCATGCAGACAACAGCATTGGAAGTTGTAATAAGCCTAGTGCGTTATCAAGTTGAAAAACTGCCCACGAGTCGTGGG,85.0
80,Scfv45,-,"Scaffold derived from ""Optimized sgRNA"" by a combination of structure-guided mutagenesis and random mutagenesis. Tested in N. benthamiana leaves by agroinfiltration.",Similar efficiency.,10.1111/pbi.14198,2023.0,GTTACAGACCAATGCAGACAACAGCATTGGAAGTTGTAATAAGCCTAGTGCGTTATCAAGTTGAAAAACTGCCCACGAGTCGTGGT,86.0
81,Scfv46,-,"Scaffold derived from ""Optimized sgRNA"" by a combination of structure-guided mutagenesis and random mutagenesis. Tested in N. benthamiana leaves by agroinfiltration.",Similar efficiency.,10.1111/pbi.14198,2023.0,GTTACAGACCAATGCAGACAACAGCATTGGAAGTTGTAATAAGCCTAGTGCGTTCTCAAGTTGAAAAACTGCCCACGAGTCGTGGG,86.0
82,Scfv47,-,"Scaffold derived from ""Optimized sgRNA"" by a combination of structure-guided mutagenesis and random mutagenesis. Tested in N. benthamiana leaves by agroinfiltration.",Similar efficiency.,10.1111/pbi.14198,2023.0,GTTACAGGCCAATGCAGACAACAGCATTGGAAGTTGTAATAAGCCTAGTGCGTTATCAAGTTGAAAAACTGCCCACGAGTCGTGGG,86.0
83,Scfv48,-,"Scaffold derived from ""Optimized sgRNA"" by a combination of structure-guided mutagenesis and random mutagenesis. Tested in N. benthamiana leaves by agroinfiltration.",Similar efficiency.,10.1111/pbi.14198,2023.0,GTTACAGACCATGCTGACAACAGCATTGGAAGTTGTAATAAGCCTAGTGCGTTCTCAAGTTGAAAAACTGCCCACGAGTCGTGGT,85.0
84,Scfv49,-,"Scaffold derived from ""Optimized sgRNA"" by a combination of structure-guided mutagenesis and random mutagenesis. Tested in N. benthamiana leaves by agroinfiltration.",Similar efficiency.,10.1111/pbi.14198,2023.0,GTTACAGACCATGCAGACAACAGCATTGGAAGTTGTAATAAGCCTAGTGCGTTATCAAGTTGAAAAACTGCCCACGAGTCGTGGT,85.0
85,Scfv50,-,"Scaffold derived from ""Optimized sgRNA"" by a combination of structure-guided mutagenesis and random mutagenesis. Tested in N. benthamiana leaves by agroinfiltration.",Similar efficiency.,10.1111/pbi.14198,2023.0,GTTACAGGCCATGCTGACAACAGCATTGGAAGTTGTAATAAGCCTAGTGCGTTATCAAGTTGAAAAACTGCCCACGAGTCGTGGT,85.0
86,Scfv51,-,"Scaffold derived from ""Optimized sgRNA"" by a combination of structure-guided mutagenesis and random mutagenesis. Tested in N. benthamiana leaves by agroinfiltration.",Similar efficiency.,10.1111/pbi.14198,2023.0,GTTACAGGCCATGCAGACAACAGCATTGGAAGTTGTAATAAGCCTAGTGCGTTATCAAGTTGAAAAACTGCCCACGAGTCGTGGG,85.0
87,Scfv52,-,"Scaffold derived from ""Optimized sgRNA"" by a combination of structure-guided mutagenesis and random mutagenesis. Tested in N. benthamiana leaves by agroinfiltration.",Similar efficiency.,10.1111/pbi.14198,2023.0,GTTACAGACCATGCAGACAACAGCATTGGAAGTTGTAATAAGCCTAGTGCGTTCTCAAGTTGAAAAACTGCCCACGAGTCGTGGG,85.0
88,Scfv53,-,"Scaffold derived from ""Optimized sgRNA"" by a combination of structure-guided mutagenesis and random mutagenesis. Tested in N. benthamiana leaves by agroinfiltration.",Similar efficiency.,10.1111/pbi.14198,2023.0,GTTACAGGCCATGCAGACAACAGCATTGGAAGTTGTAATAAGCCTAGTGCGTTCTCAAGTTGAAAAACTGCCCACGAGTCGTGGT,85.0
89,ELSA 1,-,Nonrepetitive scaffold designed to work in E. coli for knockdown (compatible with the 27 other ELSA scaffolds).,Differences in activity (see publication).,10.1038/s41587-019-0286-9,2019.0,GTTTTAGAGCTAGAAATAGCAAGTTAAAATAAGGCTAGTCCGTTATCAACTTGAAAAAGTG,61.0
90,ELSA 3,-,Nonrepetitive scaffold designed to work in E. coli for knockdown (compatible with the 27 other ELSA scaffolds).,Differences in activity (see publication).,10.1038/s41587-019-0286-9,2019.0,GTTCTAGAGCTGGTAACAGCAAGTTAGAATAAGTCTAGTCCATTATCAACTGGAAACAGTG,61.0
91,ELSA 5,-,Nonrepetitive scaffold designed to work in E. coli for knockdown (compatible with the 27 other ELSA scaffolds).,Differences in activity (see publication).,10.1038/s41587-019-0286-9,2019.0,GTTTTATAGCTAGAAATAGCAAGATAAAATAAGGCTAGTCCATTATCAACTTGAAAAAGTG,61.0
92,ELSA 7,-,Nonrepetitive scaffold designed to work in E. coli for knockdown (compatible with the 27 other ELSA scaffolds).,Differences in activity (see publication).,10.1038/s41587-019-0286-9,2019.0,GTTTTAGATCACGAAAGTGAAAGTTAAAATAAGCCTAGCCCGTTACCAACTGGAAACAGTG,61.0
93,ELSA 8,-,Nonrepetitive scaffold designed to work in E. coli for knockdown (compatible with the 27 other ELSA scaffolds).,Differences in activity (see publication).,10.1038/s41587-019-0286-9,2019.0,GTTTTGGAGCTAGAAATAGCAAGTCAAAATAAGGCTAGTCCGTTCTCAACTTGAAAAAGTG,61.0
94,ELSA 13,-,Nonrepetitive scaffold designed to work in E. coli for knockdown (compatible with the 27 other ELSA scaffolds).,Differences in activity (see publication).,10.1038/s41587-019-0286-9,2019.0,GGTTTAGAGTTAGAAATAACAAGTTAAACTAAGGCTAGTCCGTTATAAACTTGAAAAAGTC,61.0
95,ELSA 17,-,Nonrepetitive scaffold designed to work in E. coli for knockdown (compatible with the 27 other ELSA scaffolds).,Differences in activity (see publication).,10.1038/s41587-019-0286-9,2019.0,GTTGTAGATCTAGAAATAGAATGTTACAATTAGGCTAGTCCGTTATGAACATGAAAATGTG,61.0
96,ELSA 22,-,Nonrepetitive scaffold designed to work in E. coli for knockdown (compatible with the 27 other ELSA scaffolds).,Differences in activity (see publication).,10.1038/s41587-019-0286-9,2019.0,GTTTTAGAGTGAGAAATCACAAGTTAAAATAAGGCTAGACCGTTATCAACTAGAAATAGTG,61.0
97,ELSA 24,-,Nonrepetitive scaffold designed to work in E. coli for knockdown (compatible with the 27 other ELSA scaffolds).,Differences in activity (see publication).,10.1038/s41587-019-0286-9,2019.0,GCTTTAGACCTTGAAAAAGGAAGTTAAAGTAAGGCTAGTCCGTTATGACCTTGAAAAAGGG,61.0
98,ELSA 26,-,Nonrepetitive scaffold designed to work in E. coli for knockdown (compatible with the 27 other ELSA scaffolds).,Differences in activity (see publication).,10.1038/s41587-019-0286-9,2019.0,GTTGTAGAGCTAGCAATAGCAGGTTACAATAAGGCTCGTCCGTTATAAACATGAAAATGTG,61.0
99,ELSA 27,-,Nonrepetitive scaffold designed to work in E. coli for knockdown (compatible with the 27 other ELSA scaffolds).,Differences in activity (see publication).,10.1038/s41587-019-0286-9,2019.0,GATTTCGAGCTAGGCATAGCAAGTGAAATTAAGGCTGGTCCATTAACACCTTGAAAAAGGG,61.0
100,ELSA 31,-,Nonrepetitive scaffold designed to work in E. coli for knockdown (compatible with the 27 other ELSA scaffolds).,Differences in activity (see publication).,10.1038/s41587-019-0286-9,2019.0,GTATCTGAACTCGACAGAGTAAGTAGATATAAGGCCAGTCCGTTAGCAACTTGAAAAAGTC,61.0
101,ELSA 32,-,Nonrepetitive scaffold designed to work in E. coli for knockdown (compatible with the 27 other ELSA scaffolds).,Differences in activity (see publication).,10.1038/s41587-019-0286-9,2019.0,GTTTTAGACCTAGAAATAGGAAGTTAAAATAAGGCTAGTTCGTTATCATCTTGAAAAAGAG,61.0
102,ELSA 33,-,Nonrepetitive scaffold designed to work in E. coli for knockdown (compatible with the 27 other ELSA scaffolds).,Differences in activity (see publication).,10.1038/s41587-019-0286-9,2019.0,CTTTTAGAGATAGAAATATCAAGTTAAAAGAAGGCTAGTCCGTTACCAACTTGAAAAAGTG,61.0
103,ELSA 34,-,Nonrepetitive scaffold designed to work in E. coli for knockdown (compatible with the 27 other ELSA scaffolds).,Differences in activity (see publication).,10.1038/s41587-019-0286-9,2019.0,GATTTAGAGCTGGAAACAGCAAGTTAAATTAAGGCTAGTCCGTTATCAGCTTGAAAAAGCG,61.0
104,ELSA 35,-,Nonrepetitive scaffold designed to work in E. coli for knockdown (compatible with the 27 other ELSA scaffolds).,Differences in activity (see publication).,10.1038/s41587-019-0286-9,2019.0,GTTGTAGAGGAAGAAATTCCAAGTTACAATGAGGCTAGTCCGTGATGAACTTGAAAAAGTG,61.0
105,ELSA 37,-,Nonrepetitive scaffold designed to work in E. coli for knockdown (compatible with the 27 other ELSA scaffolds).,Differences in activity (see publication).,10.1038/s41587-019-0286-9,2019.0,GTTTAAGAGCTAGAAATAGCACGTTTAAATAAGGCTAGTCCGTTTTCAACTTGAAAAAGTG,61.0
106,ELSA 39,-,Nonrepetitive scaffold designed to work in E. coli for knockdown (compatible with the 27 other ELSA scaffolds).,Differences in activity (see publication).,10.1038/s41587-019-0286-9,2019.0,GCTTTAGAGCTAGAAATAGCAGGTTAAAGTAAGGCCAGTCCGTAATAAACTGGAAACAGTG,61.0
107,ELSA 43,-,Nonrepetitive scaffold designed to work in E. coli for knockdown (compatible with the 27 other ELSA scaffolds).,Differences in activity (see publication).,10.1038/s41587-019-0286-9,2019.0,TTTTCAGATTTGGAAACAAAACGTTGAAAAAAGGCAAGTCCGTTATGAACGCGAAAGCGTG,61.0
108,ELSA 46,-,Nonrepetitive scaffold designed to work in E. coli for knockdown (compatible with the 27 other ELSA scaffolds).,Differences in activity (see publication).,10.1038/s41587-019-0286-9,2019.0,GATGTAGATGTAGAAATACAAGGTTACATTAAGGCCCGTCCGTAATCAACTTGAAGAAGTG,61.0
109,ELSA 47,-,Nonrepetitive scaffold designed to work in E. coli for knockdown (compatible with the 27 other ELSA scaffolds).,Differences in activity (see publication).,10.1038/s41587-019-0286-9,2019.0,GTTTTGGACCTAGAAATAGGAAGTCAAAATAAGGCTGGACCGACATGTAATCGAAAGATTT,61.0
110,ELSA 51,-,Nonrepetitive scaffold designed to work in E. coli for knockdown (compatible with the 27 other ELSA scaffolds).,Differences in activity (see publication).,10.1038/s41587-019-0286-9,2019.0,GTTGGAGAGCAAGACATTGCAAGTTCCAATAAGGCGTGTCCGATAAAAGCTTGAGAAAGCA,61.0
111,ELSA 52,-,Nonrepetitive scaffold designed to work in E. coli for knockdown (compatible with the 27 other ELSA scaffolds).,Differences in activity (see publication).,10.1038/s41587-019-0286-9,2019.0,ATCTGAGAGCCAAAAATGGCAAGTTCAGATAAGGCCAGACCGTTACCAGCTTAAATAAGCG,61.0
112,ELSA 53,-,Nonrepetitive scaffold designed to work in E. coli for knockdown (compatible with the 27 other ELSA scaffolds).,Differences in activity (see publication).,10.1038/s41587-019-0286-9,2019.0,GCTTCAGATCCAGAAATGGAAAGTTGAAGTGAGGCAGGTCCGGTAGCAACTCGAAAGAGTG,61.0
113,ELSA 55,-,Nonrepetitive scaffold designed to work in E. coli for knockdown (compatible with the 27 other ELSA scaffolds).,Differences in activity (see publication).,10.1038/s41587-019-0286-9,2019.0,GGAATAGAAAACAAAAGTTTAAGTTATTCTAAGGCCAGTCCGGAATCATCCTAAAAAGGAG,61.0
114,ELSA 57,-,Nonrepetitive scaffold designed to work in E. coli for knockdown (compatible with the 27 other ELSA scaffolds).,Differences in activity (see publication).,10.1038/s41587-019-0286-9,2019.0,CATTTTGGCGTCGAAAGACGAAGTAAAATGAAGGCGAGACCGATATCAACTGGAAGCAGTG,61.0
115,ELSA 58,-,Nonrepetitive scaffold designed to work in E. coli for knockdown (compatible with the 27 other ELSA scaffolds).,Differences in activity (see publication).,10.1038/s41587-019-0286-9,2019.0,TTTTTAGAGGAAGGAATTCCAAGTTAAAAAAAGGCAGGACCGGGAACATGTTGAAAAACAG,61.0
116,ELSA 59,-,Nonrepetitive scaffold designed to work in E. coli for knockdown (compatible with the 27 other ELSA scaffolds).,Differences in activity (see publication).,10.1038/s41587-019-0286-9,2019.0,CTTACCGAACTAGGAATAGTAAGTGGTAAGAAGGCCTGACCGTAATAAGCCTGAAAAGGCG,61.0
117,NR-RAMBE #13-SL3#1,-,Nonrepetitive scaffold designed to work in E. coli for base editing (compatible with the 37 other NR-RAMBE scaffolds).,Similar efficiency within the set; not benchmarked against original scaffold.,10.1016/j.cej.2025.162336,2025.0,GGTTTAGAGTTAGAAATAACAAGTTAAACTAAGGCTAGTCCGTTATAAACTTGAAAAAGTCCCACCGAGTCGGTGG,76.0
118,NR-RAMBE #26-SL3#1,-,Nonrepetitive scaffold designed to work in E. coli for base editing (compatible with the 37 other NR-RAMBE scaffolds).,Similar efficiency within the set; not benchmarked against original scaffold.,10.1016/j.cej.2025.162336,2025.0,GTTGTAGAGCTAGCAATAGCAGGTTACAATAAGGCTCGTCCGTTATAAACATGAAAATGTGCCACCGAGTCGGTGG,76.0
119,NR-RAMBE #27-SL3#1,-,Nonrepetitive scaffold designed to work in E. coli for base editing (compatible with the 37 other NR-RAMBE scaffolds).,Similar efficiency within the set; not benchmarked against original scaffold.,10.1016/j.cej.2025.162336,2025.0,GATTTCGAGCTAGGCATAGCAAGTGAAATTAAGGCTGGTCCATTAACACCTTGAAAAAGGGCCACCGAGTCGGTGG,76.0
120,NR-RAMBE #43-SL3#1,-,Nonrepetitive scaffold designed to work in E. coli for base editing (compatible with the 37 other NR-RAMBE scaffolds).,Similar efficiency within the set; not benchmarked against original scaffold.,10.1016/j.cej.2025.162336,2025.0,TTTTCAGATTTGGAAACAAAACGTTGAAAAAAGGCAAGTCCGTTATGAACGCGAAAGCGTGCCACCGAGTCGGTGG,76.0
121,NR-RAMBE #51-SL3#1,-,Nonrepetitive scaffold designed to work in E. coli for base editing (compatible with the 37 other NR-RAMBE scaffolds).,Similar efficiency within the set; not benchmarked against original scaffold.,10.1016/j.cej.2025.162336,2025.0,GTTGGAGAGCAAGACATTGCAAGTTCCAATAAGGCGTGTCCGATAAAAGCTTGAGAAAGCACCACCGAGTCGGTGG,76.0
122,NR-RAMBE #55-SL3#1,-,Nonrepetitive scaffold designed to work in E. coli for base editing (compatible with the 37 other NR-RAMBE scaffolds).,Similar efficiency within the set; not benchmarked against original scaffold.,10.1016/j.cej.2025.162336,2025.0,GGAATAGAAAACAAAAGTTTAAGTTATTCTAAGGCCAGTCCGGAATCATCCTAAAAAGGAGCCACCGAGTCGGTGG,76.0
123,NR-RAMBE #58-SL3#1,-,Nonrepetitive scaffold designed to work in E. coli for base editing (compatible with the 37 other NR-RAMBE scaffolds).,Similar efficiency within the set; not benchmarked against original scaffold.,10.1016/j.cej.2025.162336,2025.0,TTTTTAGAGGAAGGAATTCCAAGTTAAAAAAAGGCAGGACCGGGAACATGTTGAAAAACAGCCACCGAGTCGGTGG,76.0
124,NR-RAMBE #13-SL3#2,-,Nonrepetitive scaffold designed to work in E. coli for base editing (compatible with the 37 other NR-RAMBE scaffolds).,Similar efficiency within the set; not benchmarked against original scaffold.,10.1016/j.cej.2025.162336,2025.0,GGTTTAGAGTTAGAAATAACAAGTTAAACTAAGGCTAGTCCGTTATAAACTTGAAAAAGTCGGACCGAGTCGGTCC,76.0
125,NR-RAMBE #27-SL3#2,-,Nonrepetitive scaffold designed to work in E. coli for base editing (compatible with the 37 other NR-RAMBE scaffolds).,Similar efficiency within the set; not benchmarked against original scaffold.,10.1016/j.cej.2025.162336,2025.0,GATTTCGAGCTAGGCATAGCAAGTGAAATTAAGGCTGGTCCATTAACACCTTGAAAAAGGGGGACCGAGTCGGTCC,76.0
126,NR-RAMBE #43-SL3#2,-,Nonrepetitive scaffold designed to work in E. coli for base editing (compatible with the 37 other NR-RAMBE scaffolds).,Similar efficiency within the set; not benchmarked against original scaffold.,10.1016/j.cej.2025.162336,2025.0,TTTTCAGATTTGGAAACAAAACGTTGAAAAAAGGCAAGTCCGTTATGAACGCGAAAGCGTGGGACCGAGTCGGTCC,76.0
127,NR-RAMBE #46-SL3#2,-,Nonrepetitive scaffold designed to work in E. coli for base editing (compatible with the 37 other NR-RAMBE scaffolds).,Similar efficiency within the set; not benchmarked against original scaffold.,10.1016/j.cej.2025.162336,2025.0,GATGTAGATGTAGAAATACAAGGTTACATTAAGGCCCGTCCGTAATCAACTTGAAGAAGTGGGACCGAGTCGGTCC,76.0
128,NR-RAMBE #47-SL3#2,-,Nonrepetitive scaffold designed to work in E. coli for base editing (compatible with the 37 other NR-RAMBE scaffolds).,Similar efficiency within the set; not benchmarked against original scaffold.,10.1016/j.cej.2025.162336,2025.0,GTTTTGGACCTAGAAATAGGAAGTCAAAATAAGGCTGGACCGACATGTAATCGAAAGATTTGGACCGAGTCGGTCC,76.0
129,NR-RAMBE #13-SL3#3,-,Nonrepetitive scaffold designed to work in E. coli for base editing (compatible with the 37 other NR-RAMBE scaffolds).,Similar efficiency within the set; not benchmarked against original scaffold.,10.1016/j.cej.2025.162336,2025.0,GGTTTAGAGTTAGAAATAACAAGTTAAACTAAGGCTAGTCCGTTATAAACTTGAAAAAGTCGCTCCGAGTCGGAGC,76.0
130,NR-RAMBE #26-SL3#3,-,Nonrepetitive scaffold designed to work in E. coli for base editing (compatible with the 37 other NR-RAMBE scaffolds).,Similar efficiency within the set; not benchmarked against original scaffold.,10.1016/j.cej.2025.162336,2025.0,GTTGTAGAGCTAGCAATAGCAGGTTACAATAAGGCTCGTCCGTTATAAACATGAAAATGTGGCTCCGAGTCGGAGC,76.0
131,NR-RAMBE #27-SL3#3,-,Nonrepetitive scaffold designed to work in E. coli for base editing (compatible with the 37 other NR-RAMBE scaffolds).,Similar efficiency within the set; not benchmarked against original scaffold.,10.1016/j.cej.2025.162336,2025.0,GATTTCGAGCTAGGCATAGCAAGTGAAATTAAGGCTGGTCCATTAACACCTTGAAAAAGGGGCTCCGAGTCGGAGC,76.0
132,NR-RAMBE #37-SL3#3,-,Nonrepetitive scaffold designed to work in E. coli for base editing (compatible with the 37 other NR-RAMBE scaffolds).,Similar efficiency within the set; not benchmarked against original scaffold.,10.1016/j.cej.2025.162336,2025.0,GTTTAAGAGCTAGAAATAGCACGTTTAAATAAGGCTAGTCCGTTTTCAACTTGAAAAAGTGGCTCCGAGTCGGAGC,76.0
133,NR-RAMBE #46-SL3#3,-,Nonrepetitive scaffold designed to work in E. coli for base editing (compatible with the 37 other NR-RAMBE scaffolds).,Similar efficiency within the set; not benchmarked against original scaffold.,10.1016/j.cej.2025.162336,2025.0,GATGTAGATGTAGAAATACAAGGTTACATTAAGGCCCGTCCGTAATCAACTTGAAGAAGTGGCTCCGAGTCGGAGC,76.0
134,NR-RAMBE #47-SL3#3,-,Nonrepetitive scaffold designed to work in E. coli for base editing (compatible with the 37 other NR-RAMBE scaffolds).,Similar efficiency within the set; not benchmarked against original scaffold.,10.1016/j.cej.2025.162336,2025.0,GTTTTGGACCTAGAAATAGGAAGTCAAAATAAGGCTGGACCGACATGTAATCGAAAGATTTGCTCCGAGTCGGAGC,76.0
135,NR-RAMBE #51-SL3#3,-,Nonrepetitive scaffold designed to work in E. coli for base editing (compatible with the 37 other NR-RAMBE scaffolds).,Similar efficiency within the set; not benchmarked against original scaffold.,10.1016/j.cej.2025.162336,2025.0,GTTGGAGAGCAAGACATTGCAAGTTCCAATAAGGCGTGTCCGATAAAAGCTTGAGAAAGCAGCTCCGAGTCGGAGC,76.0
136,NR-RAMBE #55-SL3#3,-,Nonrepetitive scaffold designed to work in E. coli for base editing (compatible with the 37 other NR-RAMBE scaffolds).,Similar efficiency within the set; not benchmarked against original scaffold.,10.1016/j.cej.2025.162336,2025.0,GGAATAGAAAACAAAAGTTTAAGTTATTCTAAGGCCAGTCCGGAATCATCCTAAAAAGGAGGCTCCGAGTCGGAGC,76.0
137,NR-RAMBE #58-SL3#3,-,Nonrepetitive scaffold designed to work in E. coli for base editing (compatible with the 37 other NR-RAMBE scaffolds).,Similar efficiency within the set; not benchmarked against original scaffold.,10.1016/j.cej.2025.162336,2025.0,TTTTTAGAGGAAGGAATTCCAAGTTAAAAAAAGGCAGGACCGGGAACATGTTGAAAAACAGGCTCCGAGTCGGAGC,76.0
138,NR-RAMBE #13-SL3#4,-,Nonrepetitive scaffold designed to work in E. coli for base editing (compatible with the 37 other NR-RAMBE scaffolds).,Similar efficiency within the set; not benchmarked against original scaffold.,10.1016/j.cej.2025.162336,2025.0,GGTTTAGAGTTAGAAATAACAAGTTAAACTAAGGCTAGTCCGTTATAAACTTGAAAAAGTCGCAGCGAGTCGCTGC,76.0
139,NR-RAMBE #26-SL3#4,-,Nonrepetitive scaffold designed to work in E. coli for base editing (compatible with the 37 other NR-RAMBE scaffolds).,Similar efficiency within the set; not benchmarked against original scaffold.,10.1016/j.cej.2025.162336,2025.0,GTTGTAGAGCTAGCAATAGCAGGTTACAATAAGGCTCGTCCGTTATAAACATGAAAATGTGGCAGCGAGTCGCTGC,76.0
140,NR-RAMBE #27-SL3#4,-,Nonrepetitive scaffold designed to work in E. coli for base editing (compatible with the 37 other NR-RAMBE scaffolds).,Similar efficiency within the set; not benchmarked against original scaffold.,10.1016/j.cej.2025.162336,2025.0,GATTTCGAGCTAGGCATAGCAAGTGAAATTAAGGCTGGTCCATTAACACCTTGAAAAAGGGGCAGCGAGTCGCTGC,76.0
141,NR-RAMBE #37-SL3#4,-,Nonrepetitive scaffold designed to work in E. coli for base editing (compatible with the 37 other NR-RAMBE scaffolds).,Similar efficiency within the set; not benchmarked against original scaffold.,10.1016/j.cej.2025.162336,2025.0,GTTTAAGAGCTAGAAATAGCACGTTTAAATAAGGCTAGTCCGTTTTCAACTTGAAAAAGTGGCAGCGAGTCGCTGC,76.0
142,NR-RAMBE #43-SL3#4,-,Nonrepetitive scaffold designed to work in E. coli for base editing (compatible with the 37 other NR-RAMBE scaffolds).,Similar efficiency within the set; not benchmarked against original scaffold.,10.1016/j.cej.2025.162336,2025.0,TTTTCAGATTTGGAAACAAAACGTTGAAAAAAGGCAAGTCCGTTATGAACGCGAAAGCGTGGCAGCGAGTCGCTGC,76.0
143,NR-RAMBE #47-SL3#4,-,Nonrepetitive scaffold designed to work in E. coli for base editing (compatible with the 37 other NR-RAMBE scaffolds).,Similar efficiency within the set; not benchmarked against original scaffold.,10.1016/j.cej.2025.162336,2025.0,GTTTTGGACCTAGAAATAGGAAGTCAAAATAAGGCTGGACCGACATGTAATCGAAAGATTTGCAGCGAGTCGCTGC,76.0
144,NR-RAMBE #51-SL3#4,-,Nonrepetitive scaffold designed to work in E. coli for base editing (compatible with the 37 other NR-RAMBE scaffolds).,Similar efficiency within the set; not benchmarked against original scaffold.,10.1016/j.cej.2025.162336,2025.0,GTTGGAGAGCAAGACATTGCAAGTTCCAATAAGGCGTGTCCGATAAAAGCTTGAGAAAGCAGCAGCGAGTCGCTGC,76.0
145,NR-RAMBE #55-SL3#4,-,Nonrepetitive scaffold designed to work in E. coli for base editing (compatible with the 37 other NR-RAMBE scaffolds).,Similar efficiency within the set; not benchmarked against original scaffold.,10.1016/j.cej.2025.162336,2025.0,GGAATAGAAAACAAAAGTTTAAGTTATTCTAAGGCCAGTCCGGAATCATCCTAAAAAGGAGGCAGCGAGTCGCTGC,76.0
146,NR-RAMBE #58-SL3#4,-,Nonrepetitive scaffold designed to work in E. coli for base editing (compatible with the 37 other NR-RAMBE scaffolds).,Similar efficiency within the set; not benchmarked against original scaffold.,10.1016/j.cej.2025.162336,2025.0,TTTTTAGAGGAAGGAATTCCAAGTTAAAAAAAGGCAGGACCGGGAACATGTTGAAAAACAGGCAGCGAGTCGCTGC,76.0
147,NR-RAMBE #13-SL3#5,-,Nonrepetitive scaffold designed to work in E. coli for base editing (compatible with the 37 other NR-RAMBE scaffolds).,Similar efficiency within the set; not benchmarked against original scaffold.,10.1016/j.cej.2025.162336,2025.0,GGTTTAGAGTTAGAAATAACAAGTTAAACTAAGGCTAGTCCGTTATAAACTTGAAAAAGTCGCACGGAGTCCGTGC,76.0
148,NR-RAMBE #24-SL3#5,-,Nonrepetitive scaffold designed to work in E. coli for base editing (compatible with the 37 other NR-RAMBE scaffolds).,Similar efficiency within the set; not benchmarked against original scaffold.,10.1016/j.cej.2025.162336,2025.0,GCTTTAGACCTTGAAAAAGGAAGTTAAAGTAAGGCTAGTCCGTTATGACCTTGAAAAAGGGGCACGGAGTCCGTGC,76.0
149,NR-RAMBE #27-SL3#5,-,Nonrepetitive scaffold designed to work in E. coli for base editing (compatible with the 37 other NR-RAMBE scaffolds).,Similar efficiency within the set; not benchmarked against original scaffold.,10.1016/j.cej.2025.162336,2025.0,GATTTCGAGCTAGGCATAGCAAGTGAAATTAAGGCTGGTCCATTAACACCTTGAAAAAGGGGCACGGAGTCCGTGC,76.0
150,NR-RAMBE #47-SL3#5,-,Nonrepetitive scaffold designed to work in E. coli for base editing (compatible with the 37 other NR-RAMBE scaffolds).,Similar efficiency within the set; not benchmarked against original scaffold.,10.1016/j.cej.2025.162336,2025.0,GTTTTGGACCTAGAAATAGGAAGTCAAAATAAGGCTGGACCGACATGTAATCGAAAGATTTGCACGGAGTCCGTGC,76.0
151,NR-RAMBE #55-SL3#5,-,Nonrepetitive scaffold designed to work in E. coli for base editing (compatible with the 37 other NR-RAMBE scaffolds).,Similar efficiency within the set; not benchmarked against original scaffold.,10.1016/j.cej.2025.162336,2025.0,GGAATAGAAAACAAAAGTTTAAGTTATTCTAAGGCCAGTCCGGAATCATCCTAAAAAGGAGGCACGGAGTCCGTGC,76.0
152,NR-RAMBE #24-SL3#6,-,Nonrepetitive scaffold designed to work in E. coli for base editing (compatible with the 37 other NR-RAMBE scaffolds).,Similar efficiency within the set; not benchmarked against original scaffold.,10.1016/j.cej.2025.162336,2025.0,GCTTTAGACCTTGAAAAAGGAAGTTAAAGTAAGGCTAGTCCGTTATGACCTTGAAAAAGGGGCACCCAGTGGGTGC,76.0
153,NR-RAMBE #27-SL3#6,-,Nonrepetitive scaffold designed to work in E. coli for base editing (compatible with the 37 other NR-RAMBE scaffolds).,Similar efficiency within the set; not benchmarked against original scaffold.,10.1016/j.cej.2025.162336,2025.0,GATTTCGAGCTAGGCATAGCAAGTGAAATTAAGGCTGGTCCATTAACACCTTGAAAAAGGGGCACCCAGTGGGTGC,76.0
154,NR-RAMBE #47-SL3#6,-,Nonrepetitive scaffold designed to work in E. coli for base editing (compatible with the 37 other NR-RAMBE scaffolds).,Similar efficiency within the set; not benchmarked against original scaffold.,10.1016/j.cej.2025.162336,2025.0,GTTTTGGACCTAGAAATAGGAAGTCAAAATAAGGCTGGACCGACATGTAATCGAAAGATTTGCACCCAGTGGGTGC,76.0
155,Diversified pegRNA 241,-,Mammalian-optimized <40-nt-homology PE scaffold outperforming the canonical reference; interoperable with the 16 diversified scaffolds. Additional lower-activity designs exist but are not listed here.,All scaffolds outperform the canonical scaffold for all tested loci.,10.1038/s41587-025-02896-2,2025.0,GTTCGGGAGCTAGAAATAGCAAGTCCGAATAAGGCTAGTCCGTTATCAGCGGGAAACCGCGGGACCGAGTCGGTCC,76.0
156,Diversified pegRNA 16,-,Mammalian-optimized <40-nt-homology PE scaffold outperforming the canonical reference; interoperable with the 16 diversified scaffolds. Additional lower-activity designs exist but are not listed here.,All scaffolds outperform the canonical scaffold for all tested loci.,10.1038/s41587-025-02896-2,2025.0,GTTTAAGAGCTAGAAATAGCAAGTTTAAATAAGGCTAGTCCGTTATCAACTCGAAAGAGTGGGACCGAGTCGGTCC,76.0
157,Diversified pegRNA 190,-,Mammalian-optimized <40-nt-homology PE scaffold outperforming the canonical reference; interoperable with the 16 diversified scaffolds. Additional lower-activity designs exist but are not listed here.,All scaffolds outperform the canonical scaffold for all tested loci.,10.1038/s41587-025-02896-2,2025.0,GTAGAGGAGCTAGAAATAGCAAGTCTCTATAAGGCTAGTCCGTTATCATACAGAAATGTAGGGACCGAGTCGGTCC,76.0
158,Diversified pegRNA 72AUF,-,Mammalian-optimized <40-nt-homology PE scaffold outperforming the canonical reference; interoperable with the 16 diversified scaffolds. Additional lower-activity designs exist but are not listed here.,All scaffolds outperform the canonical scaffold for all tested loci.,10.1038/s41587-025-02896-2,2025.0,GTTCATGAGCTAGAAATAGCAAGTATGAATAAGGCTAGTCCGTTATCAGATCGAAAGATCGGGACCGAGTCGGTCC,76.0
159,Diversified pegRNA 198,-,Mammalian-optimized <40-nt-homology PE scaffold outperforming the canonical reference; interoperable with the 16 diversified scaffolds. Additional lower-activity designs exist but are not listed here.,All scaffolds outperform the canonical scaffold for all tested loci.,10.1038/s41587-025-02896-2,2025.0,GTTGAGGAGCTAGAAATAGCAAGTCTCAATAAGGCTAGTCCGTTATCAATCAGAAATGATGGGACCGAGTCGGTCC,76.0
160,Diversified pegRNA 18,-,Mammalian-optimized <40-nt-homology PE scaffold outperforming the canonical reference; interoperable with the 16 diversified scaffolds. Additional lower-activity designs exist but are not listed here.,All scaffolds outperform the canonical scaffold for all tested loci.,10.1038/s41587-025-02896-2,2025.0,GTTTGAGAGCTAGAAATAGCAAGTTCAAATAAGGCTAGTCCGTTATCAACTAGAAATAGTGGGACCGAGTCGGTCC,76.0
161,Diversified pegRNA 94AUF,-,Mammalian-optimized <40-nt-homology PE scaffold outperforming the canonical reference; interoperable with the 16 diversified scaffolds. Additional lower-activity designs exist but are not listed here.,All scaffolds outperform the canonical scaffold for all tested loci.,10.1038/s41587-025-02896-2,2025.0,GAATAGGAGCTAGAAATAGCAAGTCTATTTAAGGCTAGTCCGTTATCATCCCGAAAGGGAGGGACCGAGTCGGTCC,76.0
162,Diversified pegRNA 269,-,Mammalian-optimized <40-nt-homology PE scaffold outperforming the canonical reference; interoperable with the 16 diversified scaffolds. Additional lower-activity designs exist but are not listed here.,All scaffolds outperform the canonical scaffold for all tested loci.,10.1038/s41587-025-02896-2,2025.0,GTTGCGGAGCTAGAAATAGCAAGTCGCAATAAGGCTAGTCCGTTATCAACTGGAAACAGTGGGACCGAGTCGGTCC,76.0
163,Diversified pegRNA 225,-,Mammalian-optimized <40-nt-homology PE scaffold outperforming the canonical reference; interoperable with the 16 diversified scaffolds. Additional lower-activity designs exist but are not listed here.,All scaffolds outperform the canonical scaffold for all tested loci.,10.1038/s41587-025-02896-2,2025.0,GTAAGGGAGCTAGAAATAGCAAGTCCTTATAAGGCTAGTCCGTTATCAACAGGAAACTGTGGGACCGAGTCGGTCC,76.0
164,Diversified pegRNA 89AUF,-,Mammalian-optimized <40-nt-homology PE scaffold outperforming the canonical reference; interoperable with the 16 diversified scaffolds. Additional lower-activity designs exist but are not listed here.,All scaffolds outperform the canonical scaffold for all tested loci.,10.1038/s41587-025-02896-2,2025.0,GTTTAGGAGCTAGAAATAGCAAGTCTAAATAAGGCTAGTCCGTTATCAGTACGAAAGTACGGGACCGAGTCGGTCC,76.0
165,Diversified pegRNA 10,-,Mammalian-optimized <40-nt-homology PE scaffold outperforming the canonical reference; interoperable with the 16 diversified scaffolds. Additional lower-activity designs exist but are not listed here.,All scaffolds outperform the canonical scaffold for all tested loci.,10.1038/s41587-025-02896-2,2025.0,GTATTAGAGCTAGAAATAGCAAGTTAATATAAGGCTAGTCCGTTATCAAGTTGAAAAACTGGGACCGAGTCGGTCC,76.0
166,Diversified pegRNA 13,-,Mammalian-optimized <40-nt-homology PE scaffold outperforming the canonical reference; interoperable with the 16 diversified scaffolds. Additional lower-activity designs exist but are not listed here.,All scaffolds outperform the canonical scaffold for all tested loci.,10.1038/s41587-025-02896-2,2025.0,GTTATAGAGCTAGAAATAGCAAGTTATAATAAGGCTAGTCCGTTATCAACGTGAAAACGTGGGACCGAGTCGGTCC,76.0
167,Diversified pegRNA 265,-,Mammalian-optimized <40-nt-homology PE scaffold outperforming the canonical reference; interoperable with the 16 diversified scaffolds. Additional lower-activity designs exist but are not listed here.,All scaffolds outperform the canonical scaffold for all tested loci.,10.1038/s41587-025-02896-2,2025.0,GTTACGGAGCTAGAAATAGCAAGTCGTAATAAGGCTAGTCCGTTATCAAGTGGAAACACTGGGACCGAGTCGGTCC,76.0
168,Diversified pegRNA 64AUF,-,Mammalian-optimized <40-nt-homology PE scaffold outperforming the canonical reference; interoperable with the 16 diversified scaffolds. Additional lower-activity designs exist but are not listed here.,All scaffolds outperform the canonical scaffold for all tested loci.,10.1038/s41587-025-02896-2,2025.0,GAATACGAGCTAGAAATAGCAAGTGTATTTAAGGCTAGTCCGTTATCACAACGAAAGTTGGGGACCGAGTCGGTCC,76.0
169,Diversified pegRNA 38AUF,-,Mammalian-optimized <40-nt-homology PE scaffold outperforming the canonical reference; interoperable with the 16 diversified scaffolds. Additional lower-activity designs exist but are not listed here.,All scaffolds outperform the canonical scaffold for all tested loci.,10.1038/s41587-025-02896-2,2025.0,GTATAAGAGCTAGAAATAGCAAGTTTATATAAGGCTAGTCCGTTATCAGTTCGAAAGAACGGGACCGAGTCGGTCC,76.0
170,Diversified pegRNA 15,-,Mammalian-optimized <40-nt-homology PE scaffold outperforming the canonical reference; interoperable with the 16 diversified scaffolds. Additional lower-activity designs exist but are not listed here.,All scaffolds outperform the canonical scaffold for all tested loci.,10.1038/s41587-025-02896-2,2025.0,GTTGTAGAGCTAGAAATAGCAAGTTACAATAAGGCTAGTCCGTTATCAACATGAAAATGTGGGACCGAGTCGGTCC,76.0
171,pFGRNA-LbCpf1-SpCas9,-,Fusion of Cpf1 (Cas12a) and SpCas9 scaffolds.,/,10.1038/s41467-017-01650-w,2017.0,GAATTTCTACTAAGTGTAGAT(SPACER CPF1 + SPACER SPCAS9)GTTTTAGAGCTAGAAATAGCAAGTTAAAATAAGGCTAGTCCGTTATCAACTTGAAAAAGTGGCACCGAGTCGGTGC,97.0
172,pFGRNA-AsCpf1-SpCas9,-,Fusion of Cpf1 (Cas12a) and SpCas9 scaffolds.,/,10.1038/s41467-017-01650-w,2017.0,GTAATTTCTACTCTTGTAGAT(SPACER CPF1 + SPACER SPCAS9)GTTTTAGAGCTAGAAATAGCAAGTTAAAATAAGGCTAGTCCGTTATCAACTTGAAAAAGTGGCACCGAGTCGGTGC,97.0
173,sgRNA + Spinach2,-,sgRNA scaffold with Spinach2.,/,10.1038/nmeth.3433,2015.0,GTTTAAGAGCTATGCTGCGAATACGAGGATGTAACTGAATGAAATGGTGAAGGACGGGTCCAGTAGGCTGCTTCGGCAGCCTACTTGTTGAGTAGAGTGTGAGCTCCGTAACTAGTTACATCCTCGTATTCGCAGCATAGCAAGTTTAAATAAGGCTAGTCCGTTATCAACTTGAAAAAGTGGCACCGAGTCGGTGC,197.0
174,sgRNA + BoBS,-,sgRNA scaffold with Bunch of Baby Spinach (BoBS).,/,10.1038/nmeth.3433,2015.0,GTTTAAGAGCTATGCTGCGAATACGAGAAGGACGGGTCCGGACGCAAGGACGGGTCCGACCGAAAGGACGGGTCCAATGGTGGAAACACCATTGTTGAGTAGAGTGTGAGTCGGTCGTTGAGTAGAGTGTGAGGCGTCCGTTGAGTAGAGTGTGAGCTCGTATTCGCAGCATAGCAAGTTTAAATAAGGCTAGTCCGTTATCAACTTGAAAAAGTGGCACCGAGTCGGTGC,231.0
175,C3-guide RNA-2xBroccoli,-,sgRNA scaffold with 2 Broccoli aptamers.,/,10.1083/jcb.201604115,2016.0,GTTTGAGAGCTAGAGACGTCGGGTCCAGATATTCGATACTGTCGAGTAGATGTGGGCTCATAGCAAGTCAAATAAGGCTAGTCCGTTATCAACTTGAGACGTCGGGTCCAGATATTCGTATCTGTCGAGTAGATGTGGGCTCAAGTGGCACCGAGTCGGTGC,162.0
176,sgRNA-Pep1,-,sgRNA variant with fluorogenic Pepper aptamer (1x).,/,10.1038/s41587-019-0249-1,2019.0,GTTTGAGAGCTAGGCCCCAATCGTGGCGTGTCGGCCTGCTTCGGCAGGCACTGGCGCCGGGCCTAGCAAGTTCAAATAAGGCTAGTCCGTTATCAACTTGAAAAAGTGGCACCGAGTCGGTGC,123.0
177,sgRNA-Pep2,-,sgRNA variant with fluorogenic Pepper aptamer (1x).,/,10.1038/s41587-019-0249-1,2019.0,GTTTGAGAGCTAGAAATAGCAAGTTCAAATAAGGCTAGTCCGTTCTCAACTTGGCCCCAATCGTGGCGTGTCGGCCTGCTTCGGCAGGCACTGGCGCCGGGCCAAGTGGCACCGAGTCGGTGC,123.0
178,sgRNA-Pep1&2,-,sgRNA variant with fluorogenic Pepper aptamer (2x).,/,10.1038/s41587-019-0249-1,2019.0,GTTTGAGAGCTAGGCCCCAATCGTGGCGTGTCGGCCTGCTTCGGCAGGCACTGGCGCCGGGCCTAGCAAGTTCAAATAAGGCTAGTCCGTTCTCAACTTGGCCCCAATCGTGGCGTGTCGGCCTGCTTCGGCAGGCACTGGCGCCGGGCCAAGTGGCACCGAGTCGGTGC,170.0
179,sgRNA-4Pep1,-,sgRNA variant with fluorogenic Pepper aptamer (4x).,/,10.1038/s41587-019-0249-1,2019.0,GTTTGAGAGCTAGGCCCCAATCGTGGCGTGTCGGCCTCTCCCAATCGTGGCGTGTCGGCCTCTCCCAATCGTGGCGTGTCGGCCTCTCCCAATCGTGGCGTGTCGGCCTCTCTTCGGAGAGGCACTGGCGCCGGAGAGGCACTGGCGCCGGAGAGGCACTGGCGCCGGAG AGGCACTGGCGCCGGGCCTAGCAAGTTCAAATAAGGCTAGTCCGTTATCAACTTGAAAAAGTG GCACCGAGTCGGTGC,250.0
180,sgRNA-4Pep2,-,sgRNA variant with fluorogenic Pepper aptamer (4x).,/,10.1038/s41587-019-0249-1,2019.0,GTTTGAGAGCTAGAAATAGCAAGTTCAAATAAGGCTAGTCCGTTCTCAACTTGGCCCCAATCGTGGCGTGTCGGCCTCTCCCAATCGTGGCGTGTCGGCCTCTCCCAATCGTGGCGTGTCGGCCTCTCCCAATCGTGGCGTGTCGGCCTCTCTTCGGAGAGGCACTGGCG CCGGAGAGGCACTGGCGCCGGAGAGGCACTGGCGCCGGAGAGGCACTGGCGCCGGGCCAAGTG GCACCGAGTCGGTGC,250.0
181,sgRNA-4Pep1&2,-,sgRNA variant with fluorogenic Pepper aptamer (8x).,/,10.1038/s41587-019-0249-1,2019.0,GTTTGAGAGCTAGGCCCCAATCGTGGCGTGTCGGCCTCTCCCAATCGTGGCGTGTCGGCCTCTCCCAATCGTGGCGTGTCGGCCTCTCCCAATCGTGGCGTGTCGGCCTCTCTTCGGAGAGGCACTGGCGCCGGAGAGGCACTGGCGCCGGAGAGGCACTGGCGCCGGAGAGGCACTGGCGCCGGGCCTAGCAAGTTCAAATAAGGCTAGTCCGTTCTCAACTTGGCCCCAATCGTGGCGTGTCGGCCTCTCCCAATCGTGGCGTGTCGGCCTCTCCCAATCGTGGCGTGTCGGCCTCTCCCAATCGTGGCGTGTCGGCCTCTCTTCGGAGAGGCACTGGCGCCGGAGAGGCACTGGCGC CGGAGAGGCACTGGCGCCGGAGAGGCACTGGCGCCGGGCCAAGTGGCACCGAGTCGGTGC,421.0
182,Broccoli-fused sgRNA,-,sgRNA scaffold with Broccoli aptamer inserted in tetraloop and SL2.,/,10.1038/s41467-024-45163-9,2024.0,GTTTGAGAGCTAGGCCAGACGGTCGGGTCCAAATGAGACGGTCGGGTCCAGAAGTTCGCTTCTGTCGAGTAGAGTGTGGGCTCATTTGTCGAGTAGAGTGTGGGCTGGCCTAGCAAGTTCAAATAAGGCTAGTCCGTTATCAACTTGGCCAGACGGTCGGGTCCATCTGAGACGGTCGGGTCCAGTAGTTCGCTACTGTCGAGTAGAGTGTGGGCTCAGATGTCGAGTAGAGTGTGGGCTGGCCAAGTGGCACCGAGTCGGTGC,264.0
183,Pepper-fused sgRNA,-,sgRNA scaffold with Pepper aptamer inserted in tetraloop and SL2.,/,10.1038/s41467-024-45163-9,2024.0,GTTTGAGAGCTAGGCCGGCTCGTTGAGCTCATTAGCTCCGAGCCGGCCTAGCAAGTTCAAATAAGGCTAGTCCGTTATCAACTTGGCCGGCTCGTTGAGCTCATTAGCTCCGAGCCGGCCAAGTGGCACCGAGTCGGTGC,140.0
184,sgRNA + 1x COM,-,sgRNA scaffold with 1xCOM.,/,10.1016/j.cell.2014.11.052 ,2014.0,GTTTTGAGACTATAAGTATCCCTTGGAGAACCACCTTGTTGGAATAGCTCAGAGGCCGAGGGTTTAAGAGCTATGCTGGAAACAGCATAGCAAGTTTAAATAAGGCTAGTCCGTTATCAACTTGAAAAAGTGGCACCGAGTCGGTGCCTGAATGCCTGCGAGCATC,166.0
185,sgRNA + 1XPP7 ,-,sgRNA scaffold with 1xPP7.,/,10.1016/j.cell.2014.11.052 ,2014.0,GTTTTGAGACTATAAGTATCCCTTGGAGAACCACCTTGTTGGTACGTTCTCTATCACTGATAGTTTAAGAGCTATGCTGGAAACAGCATAGCAAGTTTAAATAAGGCTAGTCCGTTATCAACTTGAAAAAGTGGCACCGAGTCGGTGCAACATAAGGAGTTTATATGGAAACCCTTATG,179.0
186,sgRNA + 2x PP7,-,sgRNA scaffold with 2xPP7.,/,10.1016/j.cell.2014.11.052 ,2014.0,GTTTTGAGACTATAAGTATCCCTTGGAGAACCACCTTGTTGGTACGTTCTCTATCACTGATAGTTTAAGAGCTATGCTGGAAACAGCATAGCAAGTTTAAATAAGGCTAGTCCGTTATCAACTTGAAAAAGTGGCACCGAGTCGGTGCGGGAGCTAAGGAGTTTATATGGAAACCCTTAGCCTGCTGCGTAAGGAGTTTATATGGAAACCCTTACGCAGCAGTTCCC,227.0
187,sgRNA + 1x MS2,-,sgRNA scaffold with 1xMS2.,/,10.1016/j.cell.2014.11.052 ,2014.0,GTTTTGAGACTATAAGTATCCCTTGGAGAACCACCTTGTTGGTACGTTCTCTATCACTGATAGTTTAAGAGCTATGCTGGAAACAGCATAGCAAGTTTAAATAAGGCTAGTCCGTTATCAACTTGAAAAAGTGGCACCGAGTCGGTGCGCGCACATGAGGATCACCCATGTGC,173.0
188,sgRNA + 2x MS2,-,sgRNA scaffold with 2xMS2.,/,10.1016/j.cell.2014.11.052 ,2014.0,GTTTTGAGACTATAAGTATCCCTTGGAGAACCACCTTGTTGGTACGTTCTCTATCACTGATAGTTTAAGAGCTATGCTGGAAACAGCATAGCAAGTTTAAATAAGGCTAGTCCGTTATCAACTTGAAAAAGTGGCACCGAGTCGGTGCGGGAGCACATGAGGATCACCCATGTGCCACGAGCGACATGAGGATCACCCATGTCGCTCGTGTTCCC,215.0
189,sgRNA with MS2-PP7,-,sgRNA scaffold with MS2 and PP7.,/,10.1016/j.cell.2014.11.052 ,2014.0,GTTTTAGAGCTAGAAATAGCAAGTTAAAATAAGGCTAGTCCGTTATCAACTTGAAAAAGTGGCACCGAGTCGGTGCGGGAGCACATGAGGATCACCCATGTGCCACGAGTAAGGAGTTTATATGGAAACCCTTACTCGTGTTCCC,145.0
190,sgRNA + 2x MS2(wt+f6) ,-,sgRNA scaffold with 1 WT MS2 and one f6 MS2. May help to prevent misfolding between hairpin domains.,/,10.1016/j.cell.2014.11.052 ,2014.0,GTTTTGAGACTATAAGTATCCCTTGGAGAACCACCTTGTTGGTACGTTCTCTATCACTGATAGTTTAAGAGCTATGCTGGAAACAGCATAGCAAGTTTAAATAAGGCTAGTCCGTTATCAACTTGAAAAAGTGGCACCGAGTCGGTGCGGGAGCACATGAGGATCACCCATGTGCGACTCCCACAGTCACTGGGGAGTCTTCCC,204.0
191,sgRNA + S1 aptamer,-,"sgRNA scaffold with S1 sequence, streptavidin aptamer.",/,10.1038/nmeth.3433,2015.0,GTTTAAGAGCTATGCTGCGAATACGAGCCGACCAGAATCATGCAAGTGCGTAAGATAGTCGCGGGCCGGCCTCGTATTCGCAGCATAGCAAGTTTAAATAAGGCTAGTCCGTTATCAACTTGAAAAAGTGGCACCGAGTCGGTGC,145.0
192,sgRNA + 3xK-T,-,sgRNA scaffold with kink-turn motif recognized by A. fulgidus L7Ae protein.,/,10.1038/nmeth.3433,2015.0,GTTTAAGAGCTATGCTGCGAATACGAGTCTGCTCCCGTGATGGCGAAAGCCTGAGGAGCTCTCTGGCCGTGATGGCGAAAGCCTGAGCCAGTCTCTGCCCGTGATGGCGAAAGCCTGAGGCAGTCTCTCGTATTCGCAGCATAGCAAGTTTAAATAAGGCTAGTCCGTTATCAACTTGAAAAAGTGGCACCGAGTCGGTGC,201.0
193,sgRNA + BoBS,-,sgRNA scaffold with Bunch of Baby Spinach (BoBS).,/,10.1038/nmeth.3433,2015.0,GTTTAAGAGCTATGCTGCGAATACGAGAAGGACGGGTCCGGACGCAAGGACGGGTCCGACCGAAAGGACGGGTCCAATGGTGGAAACACCATTGTTGAGTAGAGTGTGAGTCGGTCGTTGAGTAGAGTGTGAGGCGTCCGTTGAGTAGAGTGTGAGCTCGTATTCGCAGCATAGCAAGTTTAAATAAGGCTAGTCCGTTATCAACTTGAAAAAGTGGCACCGAGTCGGTGC,231.0
194,sgRNA + 3xPP7 SL (“INT”),-,sgRNA scaffold with 5xPP7.,/,10.1038/nmeth.3433,2015.0,GTTTAAGAGCTATGCTGCGAATACGAGGGAGCAGACGATATGGCGTCGCTCCTCTCCACGAGAGCATATGGGCTCCGTGGTCTCCAGCAGACGATATGGCGTCGCTGGCTCGTATTCGCAGCATAGCAAGTTTAAATAAGGCTAGTCCGTTATCAACTTGAAAAAGTGGCACCGAGTCGGTGC,183.0
195,sgRNA + P4–P6[3xPP7 SL],-,sgRNA scaffold with 3xPP7 in group I intron P4-P6 domain.,/,10.1038/nmeth.3433,2015.0,GTTTAAGAGCTATGCTGCGAATACGAGTCTGGAATTGCGGGAAAGGGGTCAACAGCCGTTCAGTACCAAGTCTCAGGGGAAACTTTGAGATGGCCTTGCAAAGGGTATGGTAATAAGCTGACGGACATGGTCCTAACACGCAGCCAAGTCCTAAGTCAACAGTCTGGAGCAGACGATATGGCGTCGCTCCTCTCCACGAGAGCATATGGGCTCCGTGGTCTCCAGCAGACGATATGGCGTCGCTGGTCTCTGTTGATATGGATGCAGTTCATCTCTCGTATTCGCAGCATAGCAAGTTTAAATAAGGCTAGTCCGTTATCAACTTGAAAAAGTGGCACCGAGTCGGTGC,349.0
196,sgRNA-MS2,-,sgRNA scaffold containing RNA aptamers in the tetraloop and SL1.,/,10.1038/ncomms11707,2016.0,GTTTTAGAGCTAGGCCAACATGAGGATCACCCATGTCTGCAGGGCCTAGCAAGTTAAAATAAGGCTAGTCCGTTATCAACTTGGCCAACATGAGGATCACCCATGTCTGCAGGGCCAAGTGGCACCGAGTCGGTGC,136.0
197,sgRNA-PP7-1,-,sgRNA scaffold containing RNA aptamers in the tetraloop and SL1.,/,10.1038/ncomms11707,2016.0,GTTTTAGAGCTATAAGGAGTTTATATGGAAACCCTTATAGCAAGTTAAAATAAGGCTAGTCCGTTATCAACTTGGCCTAAGGAGTTTATATGGAAACCCTTAGGCCAAGTGGCACCGAGTCGGTGC,126.0
198,sgRNA-PP7-2,-,sgRNA scaffold containing RNA aptamers in the tetraloop and SL1.,/,10.1038/ncomms11707,2016.0,GTTTTAGAGCTAGGAGCAGACGATATGGCGTCGCTCCTAGCAAGTTAAAATAAGGCTAGTCCGTTATCAACTTGGCCGGAGCAGACGATATGGCGTCGCTCCGGCCAAGTGGCACCGAGTCGGTGC,126.0
199,psgRNA1.0-6xMS2,-,sgRNA scaffold containing 6 MS2 aptamers (v1).,/,10.1038/srep26857,2016.0,GTTTAAGAGCTATGCTGGAAACAGCATAGCAAGTTTAAATAAGGCTAGTCCGTTATCAACTTGAAAAAGTGGCACCGAGTCGGTGCTCTGCAGGTCGACTCTAGAAAACATGAGGATCACCCATGTCTGCAGTATTCCCGGGTTCATTAGATCCTAAGGTACCTAATTGCCTAGAAAACATGAGGATCACCCATGTCCGACACCGAACGTGCGACAAAGCTAAGTGCGCCGTACGGAGATCCGATAAACATGAGGATCACCCATGTCCTTGCGAGATTACGCGGCACATTATTGGTCGACGCCGCGAGCTATCGTAAACATGAGGATCACCCATGTCTCTGTTTGACGCGCTGGACGCCCATGATCGTCCGATCTGGCCCGCGTTAAACATGAGGATCACCCATGTCGCTCCGCGGCTTGAAACCATACACCGAACGAGACGGTCAATCGCGCAGAAACATGAGGATCACCCATGTCGGACCGAGGGCTCTAGAAA,496.0
200,psgRNA1.0-6xPP7,-,sgRNA scaffold containing 6 PP7 aptamers (v1).,/,10.1038/srep26857,2016.0,GTTTAAGAGCTATGCTGGAAACAGCATAGCAAGTTTAAATAAGGCTAGTCCGTTATCAACTTGAAAAAGTGGCACCGAGTCGGTGCTCTGCAGGTCGACTCTAGAGGAGCAGACGATATGGCGTCGCTCCTGCAGTATTCCCGGGTTCATTAGATCCTAAGGTACCTAATTGCCTAGACCAGCAGAGCATATGGGCTCGCTGGCGACACCGAACGTGCGACAAAGCTAAGTGCGCCGTACGGAGATCCGATGGAGCAGACGATATGGCGTCGCTCCCTTGCGAGATTACGCGGCACATTATTGGTCGACGCCGCGAGCTATCGTCCAGCAGAGCATATGGGCTCGCTGGTCTGTTTGACGCGCTGGACGCCCATGATCGTCCGATCTGGCCCGCGTTGGAGCAGACGATATGGCGTCGCTCCGCTCCGCGGCTTGAAACCATACACCGAACGAGACGGTCAATCGCGCAGCCAGCAGAGCATATGGGCTCGCTGGGGACCGAGGGCTCTAGAAA,514.0
201,psgRNA2.0-6xMS2,-,sgRNA scaffold containing 6 MS2 aptamers (v2).,/,10.1038/srep26857,2016.0,GTTTAAGAGCTAGGCCAACATGAGGATCACCCATGTCTGCAGGGCCTAGCAAGTTTAAATAAGGCTAGTCCGTTATCAACTTGGCCAACATGAGGATCACCCATGTCTGCAGGGCCAAGTGGCACCGAGTCGGTGCTCTGCAGGTCGACTCTAGAAAACATGAGGATCACCCATGTCTGCAGTATTCCCGGGTTCATTAGATCCTAAGGTACCTAATTGCCTAGAAAACATGAGGATCACCCATGTCCGACACCGAACGTGCGACAAAGCTAAGTGCGCCGTACGGAGATCCGATAAACATGAGGATCACCCATGTCCTTGCGAGATTACGCGGCACATTATTGGTCGACGCCGCGAGCTATCGTAAACATGAGGATCACCCATGTCGGACCGAGGGCTCTAGAAA,406.0
202,psgRNA2.0-6xPP7,-,sgRNA scaffold containing 6 PP7 aptamers (v2).,/,10.1038/srep26857,2016.0,GTTTAAGAGCTAGGAGCAGACGATATGGCGTCGCTCCTAGCAAGTTTAAATAAGGCTAGTCCGTTATCAACTTCCAGCAGAGCATATGGGCTCGCTGGAAGTGGCACCGAGTCGGTGCTCTGCAGGTCGACTCTAGAGGAGCAGACGATATGGCGTCGCTCCTGCAGTATTCCCGGGTTCATTAGATCCTAAGGTACCTAATTGCCTAGACCAGCAGAGCATATGGGCTCGCTGGCGACACCGAACGTGCGACAAAGCTAAGTGCGCCGTACGGAGATCCGATGGAGCAGACGATATGGCGTCGCTCCCTTGCGAGATTACGCGGCACATTATTGGTCGACGCCGCGAGCTATCGTCCAGCAGAGCATATGGGCTCGCTGGGGACCGAGGGCTCTAGAAA,400.0
203,sgRNA1-boxB-MS2-PP7,-,"sgRNA scaffold with BoxB, MS2, and PP7 aptamer.",/,10.1038/nbt.3526,2016.0,GTTTGAGAGCTAGGGCCCTGAAGAAGGGCCCTAGCAAGTTCAAATAAGGCTAGTCCGTTATCAACTTGGCCAACATGAGGATCACCCATGTCTGCAGGGCCAAGTGGCACCGAGTCGGTGCGGAGCAGACGATATGGCGTCGCTCC,146.0
204,sgRNA1-boxB-MS2,-,sgRNA scaffold with BoxB and MS2 aptamer.,/,10.1038/nbt.3526,2016.0,GTTTGAGAGCTAGGGCCCTGAAGAAGGGCCCTAGCAAGTTCAAATAAGGCTAGTCCGTTATCAACTTGGCCAACATGAGGATCACCCATGTCTGCAGGGCCAAGTGGCACCGAGTCGGTGC,121.0
205,sgRNA1-PP7-boxB,-,sgRNA scaffold with PP7 and BoxB aptamer.,/,10.1038/nbt.3526,2016.0,GTTTGAGAGCTACCGGAGCAGACGATATGGCGTCGCTCCGGTAGCAAGTTCAAATAAGGCTAGTCCGTTATCAACTTGGGCCCTGAAGAAGGGCCCAAGTGGCACCGAGTCGGTGC,116.0
206,sgRNA1-MS2-PP7,-,sgRNA scaffold with MS2 and PP7 aptamer.,/,10.1038/nbt.3526,2016.0,GTTTGAGAGCTAGGCCAACATGAGGATCACCCATGTCTGCAGGGCCTAGCAAGTTCAAATAAGGCTAGTCCGTTATCAACTTGGAGCAGACGATATGGCGTCGCTCCAAGTGGCACCGAGTCGGTGC,127.0
207,sgRNA1-2XPP7,-,sgRNA scaffold with 2 PP7 aptamers.,/,10.1038/nbt.3526,2016.0,GTTTGAGAGCTACCGGAGCAGACGATATGGCGTCGCTCCGGTAGCAAGTTCAAATAAGGCTAGTCCGTTATCAACTTGGAGCAGACGATATGGCGTCGCTCCAAGTGGCACCGAGTCGGTGC,122.0
208,sgRNA1-2XMS2,-,sgRNA scaffold with 2 MS2 aptamers.,/,10.1038/nbt.3526,2016.0,GTTTGAGAGCTAGGCCAACATGAGGATCACCCATGTCTGCAGGGCCTAGCAAGTTCAAATAAGGCTAGTCCGTTATCAACTTGGCCAACATGAGGATCACCCATGTCTGCAGGGCCAAGTGGCACCGAGTCGGTGC,136.0
209,sgRNA1-2XboxB,-,sgRNA scaffold with 2 BoxB aptamers.,/,10.1038/nbt.3526,2016.0,GTTTGAGAGCTAGGGCCCTGAAGAAGGGCCCTAGCAAGTTCAAATAAGGCTAGTCCGTTATCAACTTGGGCCCTGAAGAAGGGCCCAAGTGGCACCGAGTCGGTGC,106.0
210,sgRNA-Sirius-8xMS2,-,sgRNA scaffold with 8 MS2 aptamers.,/,10.1038/s41592-018-0174-0,2018.0,GTTTGAGAGCTACTGCCATGAGGAATGACCACCAGGCATTCCGATCCGACGATGGACCATCAGGCCATCGAGCTGCAGAAGTGACGACCACGCACTTCGGAGTGACAGAGGAGGATCACCCCTCTGGCCACCAGAGTAGAGCATCAGCCTACTCCGGACAACTACGGAGGACCACCCCGTAGGAGTAGAGCGAGGAGCACCAGCCCTCGCGTGTGACGATGACGATCACGCATCGTCACACAAACTACTCAAATGTCCGAAAGGTGGCAAACACTCCAAAGCAGCTAAACGGATCAAACATGGCAGTAGCAAGTTCAAATAAGGCTAGTCCGTTATCAACTTGAAAAAGTGGCACCGAGTCGGTGC,366.0
211,sgRNA-Sirius-8XPP7,-,sgRNA scaffold with 8 PP7 aptamers.,/,10.1038/s41592-018-0174-0,2018.0,GTTTGAGAGCTACTGCCATGAGGAGCAGACGATATGGCGTCGCTCCGATCCGACCAGCAGAGCATATGGGCTCGCTGGGGCTGCAGCAGCAGAGGATATGGCCTCGCTGCGGAGTGACGAGCAGACCATATGGGGTCGCTCGGCCACCAGAAGCAGAAGATATGGCTTCGCTTCCGGACAACTAGCAGATCATATGGGATCGCTAGGAGTAGAGTAGCAGATGATATGGCATCGCTACGTGTGACAAGCAGAACATATGGGTTCGCTTGTCACACAAACTACTCAAATGTCCGAAAGGTGGCAAACACTCCAAAGCAGCCAAACGGATCAAACATGGCAGTAGCAAGTTCAAATAAGGCTAGTCCGTTATCAACTTGAAAAAGTGGCACCGAGTCGGTGC,400.0
212,CRISPR-Sirius-4X(MS2-PP7),-,sgRNA scaffold with 4 MS2 and 4 PP7 aptamers.,/,10.1038/s41592-018-0174-0,2018.0,GTTTGAGAGCTACTGCCATGAGGAATGACCATCAGGCATTCCGATCCGAGGAGCAGACGATATGGCGTCGCTCCGGCTGCAGAAGTGACGATCACGCACTTCGGAGTGACCAGCAGAGCATATGGGCTCGCTGGGCCACCAGAGTAGAGCATCAGCCTACTCCGGACAAGCAGCAGAGGATATGGCCTCGCTGCGAGTAGAGCGAGGAGCATCAGCCCTCGCGTGTGACGAGCAGACCATATGGGGTCGCTCGTCACACAAACTACTCAAATGTCCGAAAGGTGGCAAACACTCCAAAGCAGCCAAACGGATCAAACATGGCAGTAGCAAGTTCAAATAAGGCTAGTCCGTTATCAACTTGAAAAAGTGGCACCGAGTCGGTGC,384.0
213,esgRNA-2xMS2,-,Optimized sgRNA with 2 MS aptamers at 3' end. Used in plants for recruiting base editing proteins.,/,10.1186/s13059-020-02051-x,2020.0,GTTTAAGAGCTATGCTGGAAACAGCATAGCAAGTTTAAATAAGGCTAGTCCGTTATCAACTTGAAAAAGTGGCACCGAGTCGGTGCGGGAGCACATGAGGATCACCCATGTGCCACGAGCGACATGAGGATCACCCATGTCGCTCGTGTTCCCTTTTTTTGTTTTTTATGTCT,173.0
214,esgRNA-2xboxB,-,Optimized sgRNA with 2 boxB aptamers at 3' end. Used in plants for recruiting base editing proteins.,/,10.1186/s13059-020-02051-x,2020.0,GTTTAAGAGCTATGCTGGAAACAGCATAGCAAGTTTAAATAAGGCTAGTCCGTTATCAACTTGAAAAAGTGGCACCGAGTCGGTGCGGGAGCGCCCTGAAGAAGGGCGCCTGCTGCGGCCCTGAAGAAGGGCCGCAGCAGTTCCCTTTTTTTGTTTTTTATGTCT,165.0
215,Guanine-agRNA,-,Guanine-responsive sgRNA. Needs target-specific blocking sequence.,/,10.1038/ncomms15939,2017.0,(BLOCKING SEQUENCE)GGTACATCCAGCTGATGAGTCCCAAATAGGACGAAATACTATAATCGCGTGGATATGGCACGCAAGTTTCTACCGGGCACCGTAAATGTCCGACTAGTGTCCTGGATTCCAC(SPACER)GTTTTAGAGCTAGAAATAGCAAGTTAAAATAAGGCTAGTCCGTTATCAACTTGAAAAAGTGGCACCGAGTCGGTGC,188.0
216,Theophylline-agRNA,-,Theophylline-responsive sgRNA. Needs target-specific blocking sequence.,/,10.1038/ncomms15939,2017.0,(BLOCKING SEQUENCE)GGTACATCCAGCTGATGAGTCCCAAATAGGACGAAATACATACCAGCCGAAAGGCCCTTGGCAGGTGTCCTGGATTCCAC(SPACER)GTTTTAGAGCTAGAAATAGCAAGTTAAAATAAGGCTAGTCCGTTATCAACTTGAAAAAGTGGCACCGAGTCGGTGC,156.0
217,sgB18-A30-S7,-,"Theophylline-responsive sgRNA. Universal scaffold, not target-specific sequences needed.",/,10.1039/C9CC05531B,2019.0,GTTTTAGAGCTAGAAATAGCAAGTTAAAATAAGGCTAGTCCGTTATCAACTTGAAAAAGTGGCACCGAGTCGGTGCTATTTCTAGCTCTAAAACATACCAGCATCGTCTTGATGCCCTTGGCAGGTTTTAG,131.0
218,ligRNA+,-,sgRNA scaffold with theophylline aptamers inserted into the scaffold. Ligand-activated.,/,10.1038/s41467-019-09985-2,2019.0,GTTTCAGAGCTATGCTGGAAACAGCATAGCAAGTTGAAATAAGGGTGTCCCGTATACGCCGATACCAGCCGAAAGGCCCTTGGCAGCGACGGCACCGAGTCGGTGC,106.0
219,ligRNA-,-,sgRNA scaffold with theophylline aptamers inserted into the scaffold. Ligand-inactivated.,/,10.1038/s41467-019-09985-2,2019.0,GTTTCAGAGCTATGCTGGAAACAGCATAGCAAGTTGAAATAAGTGGGATACCAGCCGAAAGGCCCTTGGCAGCCTACGTTATCAACTTGAAAAAGTGGCACCGAGTCGGTGC,112.0
220,sgRNA-G4a,-,"sgRNA with G-quadruplex motif, upon  pyridostatin (PDS) binding editing is reduced in a dose-dependent manner.",/,10.1093/nar/gkac870,2022.0,GTTTTAGAGCTAGAAATAGCAAGTTAAAATAAGGCTAGTCGGTTATCAACTTGAAAAAGTGGCACCGGGTCGGTGG,76.0
221,sgRNA-G4b,-,"sgRNA with G-quadruplex motif, upon  pyridostatin (PDS) binding editing is reduced in a dose-dependent manner.",/,10.1093/nar/gkac870,2022.0,GTTTTAGAGCTAGAAATAGCAAGTTAAAATAAGGCTAGTCCGTTATCAACTTGAAAAAGTGGGCACCGGGTCGGTGG,77.0
222,sgRNA-G4c,-,"sgRNA with G-quadruplex motif, upon  pyridostatin (PDS) binding editing is reduced in a dose-dependent manner.",/,10.1093/nar/gkac870,2022.0,GTTTTAGAGCTAGAAATAGCAAGTTAAAATAAGGCTAGTCCGTTATCAACTTGAAAAAGTGGGCACCGGGTCGGTGGG,78.0
223,sgRNA-S2c,-,NCD-responsive sgRNA.,/,10.1093/nar/gkac255,2022.0,GUUUUAGAGCUAGAAAUAGCAAGUUAAAAUAAGGCUAGUCCGUUAUCAACUUGAAAAAGUGGCACGGAGUCGGUGG,76.0
224,Tet-sensor,-,sgRNA scaffold that is activated in the presence of tetracyclin.,/,10.1002/ctm2.618,2021.0,(BLOCKING SEQUENCE)GGTACATCCAGCTGATGAGTCCCAAATAGGACGAAAGGCCTAAAACATACCAGATCGCCACCCGCGCTTTAATCTGGAGAGGTGAAGAATACGACCACCTAGGCCTCCTGGATTCCAC(SPACER)GTTTTAGAGCTAGAAATAGCAAGTTAAAATAAGGCTAGTCCGTTATCAACTTGAAAAAGTGGCACCGAGTCGGTGC,194.0
225,NPM-sensor,-,sgRNA scaffold that is activated in the presence of NPM.,/,10.1002/ctm2.618,2021.0,(BLOCKING SEQUENCE)GGTACATCCAGCTGATGAGTCCCAAATAGGACGAAAAGGGAGGACGATGCGGACGGCGTCCGAGGGATGGGTATGCGGAGAGTAATTATTTCGCAGCTGTAGAGACGACGAGTCCTGGATTCCAC(SPACER)GTTTTAGAGCTAGAAATAGCAAGTTAAAATAAGGCTAGTCCGTTATCAACTTGAAAAAGTGGCACCGAGTCGGTGC,201.0
226,b-catenin-sensor,-,sgRNA scaffold that is activated in the presence of b-catenin.,/,10.1002/ctm2.618,2021.0,(BLOCKING SEQUENCE)GGTACATCCAGCTGATGAGTCCCAAATAGGACGAAAAGGCCGATCTATGGACGCTATAGGCACACCGGATACTTTAACGATTGGCTTCCTGGATTCCAC(SPACER)GTTTTAGAGCTAGAAATAGCAAGTTAAAATAAGGCTAGTCCGTTATCAACTTGAAAAAGTGGCACCGAGTCGGTGCTCATGACCCACACCATCAGGGTGGGTCATGA,206.0
227,NF-κB-sensor,-,sgRNA scaffold that is activated in the presence of NF-κB.,/,10.1002/ctm2.618,2021.0,(BLOCKING SEQUENCE)GGTACATCCAGCTGATGAGTCCCAAATAGGACGAAAGCATCCTGAAACTGTTTTAAGGTTGGCCGATGCTCCTGGATTCCAC(SPACER)GTTTTAGAGCTAGAAATAGCAAGTTAAAATAAGGCTAGTCCGTTATCAACTTGAAAAAGTGGCACCGAGTCGGTGCGCCCGGTCCCGTCAGAGCGGAAGCGTGCTGGGCTCCGAACAGCGGAAGGTGGTTCGAAGCTGGGGCTTTGGACATAAGACGGGACC,244.0
228,iBAR,-,"Variant of the ""Flip + Extension (FE) sgRNA"" with 6 random nucleotides ('N') that serve as a barcode in pooled CRISPR screens.",Similar efficiency.,10.1186/s13059-019-1628-0,2019.0,GTTTAAGAGCTATGCTGGANNNNNNAACAGCATAGCAAGTTTAAATAAGGCTAGTCCGTTATCAACTTGAAAAAGTGGCACCGAGTCGGTGC,92.0
229,sgRNA-CR1cs1,-,Scaffold with built-in capture sequence in stemloop 2 for CRISPR screening.,Similar efficiency.,10.1038/s41587-020-0470-y,2020.0,GTTTAAGAGCTAAGCTGGAAACAGCATAGCAAGTTTAAATAAGGCTAGTCCGTTATCAACTTGGCCGCTTTAAGGCCGGTCCTAGCAAGGCCAAGTGGCACCGAGTCGGTGC,112.0
230,sgRNA-CR1cs2,-,Scaffold with built-in capture sequence at 3' end for CRISPR screening.,Similar efficiency.,10.1038/s41587-020-0470-y,2020.0,GTTTAAGAGCTAAGCTGGAAACAGCATAGCAAGTTTAAATAAGGCTAGTCCGTTATCAACTTGAAAAAGTGGCACCGAGTCGGTGCGCTCACCTATTAGCGGCTAAGG,108.0
231,stgRNA,-,Scaffold with PAM sequence in RAR duplex to allow for guide self-targeting.,/,10.1126/science.aag0511,2016.0,GGGTTAGAGCTAGAAATAGCAAGTTAACCTAAGGCTAGTCCGTTATCAACTTGAAAAAGTGGCACCGAGTCGGTGC,76.0
