No.,Name,Synonym(s),Explanation,Reference,Year,Sequence,Length
1,Com,-,Motif recognized by Com peptide.,10.1016/j.cell.2014.11.052 ,2015.0,CTGAATGCCTGCGAGCATC,19.0
2,MS2,-,Motif recognized by MS2 coat protein (MCP).,10.1038/ncomms11707.,2016.0,ACATGAGGATCACCCATGT,19.0
3,MS2 (f6),-,Motif recognized by MS2 coat protein (MCP).,10.1016/j.cell.2014.11.052 ,2015.0,CCACAGTCACTGGG,14.0
4,PP7,-,Motif recognized by PP7 coat protein (PCP).,10.1038/ncomms11707.,2016.0,GGAGCAGACGATATGGCGTCGCTCC,25.0
5,BoxB,-,Motif recognized by λ N22 peptide .,10.1038/nbt.3526.,2016.0,GGGCCCTGAAGAAGGGCCC,19.0
6,Qβ,-,Motif recognized by Qβ coat protein (QCP).,10.1038/s41467-025-55957-0,2025.0,ATGCATGTCTAAGACAGCAT,20.0
7,A9,-,Motif recognized by Qβ coat protein (QCP).,10.1038/s41467-025-55957-0,2025.0,CCTTAGCTAAGCTAATGG,18.0
8,PBSa,-,Motif recognized by PUFa. Inserted as tandem copies at sgRNA 3′ end to recruit proteins.,10.1038/cr.2016.3,2016.0,TGTATGTA,8.0
9,PBSb,-,Motif recognized by PUFb.  Inserted as tandem copies at sgRNA 3′ end to recruit proteins.,10.1038/cr.2016.3,2016.0,TTGATATA,8.0
10,PBSw,-,Motif recognized by PUFw. Inserted as tandem copies at sgRNA 3′ end to recruit proteins.,10.1038/cr.2016.3,2016.0,TGTATATA,8.0
11,PBSc,-,Motif recognized by PUFc. Inserted as tandem copies at sgRNA 3′ end to recruit proteins.,10.1038/cr.2016.3,2016.0,TTGATGTA,8.0
12,Hammerhead (HH) ribozyme,mHH,Minimal hammerhead (HH) ribozyme for multiplexing sgRNAs. The first 6 Ns are the reverse complement of the first 6 bases of the spacer. The last 6 Ns correspond to the first 6 bases of the spacer. The remaining 14 nucleotides of the spacer are appended behind this.,10.1111/jipb.12152,2013.0,NNNNNNCTGATGAGTCCGTGAGGACGAAACGAGTAAGCTCGTCNNNNNN,49.0
13,HDV ribozyme,-,Hepatitis Delta Virus (HDV) ribozyme for multiplexing sgRNAs.,10.1111/jipb.12152,2013.0,GGCCGGCATGGTCCCAGCCTCCTCGCTGGCGCCGGCTGGGCAACATGCTTCGGCATGGCGAATGGGAC,68.0
14,HH ribozyme   ,-,Hammerhead (HH) ribozyme for multiplexing sgRNAs.,10.1016/j.molp.2016.05.001 ,2016.0,GCTTTTGTCACCGGATGTGTTTTCCGGTCTGATGAGTCCGTGAGGACGAAACAAAAGC,58.0
15,HH ribozyme cleavage site,-,Hammerhead (HH) ribozyme recognition site. Can be cleaved when full HH ribozyme (entry 14) is present on the same transcript.,10.1016/j.molp.2016.05.001 ,2016.0,GCTTTTGTCACCGGA,15.0
16,RiboJ,-,"RiboJ ribozyme, derived from the Satellite tobacco ringspot virus (sTRSV) ribozyme.",10.1016/j.cej.2025.162336,2025.0,AGCTGTCACCGGATGTGCTTTCCGGTCTGATGAGTCCGTGAGGACGAAACAGCCTCTACAAATTTTGTTTAA,72.0
17,RiboJ(T),-,Truncated version of RiboJ.,10.1016/j.cej.2025.162336,2025.0,AGCTGTCACCGGATGTGCTTTCCGGTCTGATGAGTCCGTGAGGACGAAACAGC,53.0
18,RiboJ(T1),-,Truncated version of RiboJ. Best performance among tested RiboJ variants.,10.1016/j.cej.2025.162336,2025.0,AGCTGTCACCGGATGTGCTTTCCGGTCTGATGAGTCCGTGAGGACGAAACAGCCTCT,57.0
19,RiboJ(T2),-,Truncated version of RiboJ.,10.1016/j.cej.2025.162336,2025.0,AGCTGTCACCGGATGTGCTTTCCGGTCTGATGAGTCCGTGAGGACGAAACAGCCTCTTTAA,61.0
20,LtsvJ,-,Ribozyme tested in E. coli screen. Good activity.,10.1016/j.cej.2025.162336,2025.0,AGTACGTCTGAGCGTGATACCCGCTCACTGAAGATGGCCCGGTAGGGCCGAAACGTACCTCTACAAATAATTTTGTTTAA,80.0
21,SccJ,-,Ribozyme tested in E. coli screen. Good activity.,10.1016/j.cej.2025.162336,2025.0,AGATGCTGTAGTGGGATGTGTGTCTCACCTGAAGAGTACAAAAGTCCGAAACGGTATCCTCTACAAATAATTTTGTTTAA,80.0
22,SarJ,-,Ribozyme tested in E. coli screen. Good activity.,10.1016/j.cej.2025.162336,2025.0,AGACTGTCGCCGGATGTGTATCCGACCTGACGATGGCCCAAAAGGGCCGAAACAGTCCTCTACAAATAATTTTGTTTAA,79.0
23,PlmJ,-,Ribozyme tested in E. coli screen. Good activity.,10.1016/j.cej.2025.162336,2025.0,AGTCATAAGTCTGGGCTAAGCCCACTGATGAGTCGCTGAAATGCGACGAAACTTATGACCTCTACAAATAATTTTGTTTAA,81.0
24,ChmJ,-,Ribozyme tested in E. coli screen. Good activity.,10.1016/j.cej.2025.162336,2025.0,AGAAGAGGTCGGCACCTGACGTCGGTGTCCTGATGAAGATCCATGACAGGATCGAAACCTCTTCCTCTACAAATAATTTTGTTTAA,86.0
25,SltJ ,-,Ribozyme tested in E. coli screen. Good activity.,10.1016/j.cej.2025.162336,2025.0,AGGACGTATGAGACTGACTGAAACGCCGTCTCACTGATGAGGCCATGGCAGGCCGAAACGTCCCTCTACAAATAATTTTGTTTAA,85.0
26,PlmvJ,-,Ribozyme tested in E. coli screen. Good activity.,10.1016/j.cej.2025.162336,2025.0,AGGAAGAGTCTGTGCTAAGCACACTGACGAGTCTCTGAGATGAGACGAAACTCTTCCCTCTACAAATAATTTTGTTTAA,79.0
27,BydvJ,-,Ribozyme tested in E. coli screen. Good activity.,10.1016/j.cej.2025.162336,2025.0,AGGGTGTCTCAAGGTGCGTACCTTGACTGATGAGTCCGAAAGGACGAAACACCCCTCTACAAATAATTTTGTTTAA,76.0
28,ElvJ,-,Ribozyme tested in E. coli screen. Good activity.,10.1016/j.cej.2025.162336,2025.0,AGCCCCATAGGGTGGTGTGTACCACCCCTGATGAGTCCAAAAGGACGAAATGGGGCCTCTACAAATAATTTTGTTTAA,78.0
29,ScmJ,-,Ribozyme tested in E. coli screen. Good activity.,10.1016/j.cej.2025.162336,2025.0,AGCGCTGTCTGTACTTGTATCAGTACACTGACGAGTCCCTAAAGGACGAAACACCGCCTCTACAAATAATTTTGTTTAA,79.0
30,CchJ,-,Ribozyme tested in E. coli screen. Good activity.,10.1016/j.cej.2025.162336,2025.0,AGTTCCAGTCGAGACCTGAAGTGGGTTTCCTGATGAGGCTGTGGAGAGAGCGAAAGCTTTACTCCCGCACAAGCCGAAACTGGAACCTCTACAAATAATTTTGTTTAA,108.0
31,LtsvJ(T1),-,Ribozyme tested in E. coli screen. Good activity.,10.1016/j.cej.2025.162336,2025.0,AGTACGTCTGAGCGTGATACCCGCTCACTGAAGATGGCCCGGTAGGGCCGAAACGTACCTCT,62.0
32,SccJ(T1),-,Ribozyme tested in E. coli screen. Good activity.,10.1016/j.cej.2025.162336,2025.0,AGATGCTGTAGTGGGATGTGTGTCTCACCTGAAGAGTACAAAAGTCCGAAACGGTATCCTCT,62.0
33,SarJ(T1),-,Ribozyme tested in E. coli screen. Good activity.,10.1016/j.cej.2025.162336,2025.0,AGACTGTCGCCGGATGTGTATCCGACCTGACGATGGCCCAAAAGGGCCGAAACAGTCCTCT,61.0
34,PlmJ(T1),-,Ribozyme tested in E. coli screen. Good activity.,10.1016/j.cej.2025.162336,2025.0,AGTCATAAGTCTGGGCTAAGCCCACTGATGAGTCGCTGAAATGCGACGAAACTTATGACCTCT,63.0
35,ChmJ(T1),-,Ribozyme tested in E. coli screen. Good activity.,10.1016/j.cej.2025.162336,2025.0,AGAAGAGGTCGGCACCTGACGTCGGTGTCCTGATGAAGATCCATGACAGGATCGAAACCTCTTCCTCT,68.0
36,PlmvJ(T1),-,Ribozyme tested in E. coli screen. Good activity.,10.1016/j.cej.2025.162336,2025.0,AGGAAGAGTCTGTGCTAAGCACACTGACGAGTCTCTGAGATGAGACGAAACTCTTCCCTCT,61.0
37,ScmJ(T1),-,Ribozyme tested in E. coli screen. Good activity.,10.1016/j.cej.2025.162336,2025.0,AGCGCTGTCTGTACTTGTATCAGTACACTGACGAGTCCCTAAAGGACGAAACACCGCCTCT,61.0
38,SltJ(T1),-,Ribozyme tested in E. coli screen. Lower activity than others in this panel (entry 16-41).,10.1016/j.cej.2025.162336,2025.0,AGGACGTATGAGACTGACTGAAACGCCGTCTCACTGATGAGGCCATGGCAGGCCGAAACGTCCCTCT,67.0
39,ElvJ(T1),-,Ribozyme tested in E. coli screen. Lower activity than others in this panel (entry 16-41).,10.1016/j.cej.2025.162336,2025.0,AGCCCCATAGGGTGGTGTGTACCACCCCTGATGAGTCCAAAAGGACGAAATGGGGCCTCT,60.0
40,BydvJ(T1),-,Ribozyme tested in E. coli screen. Lower activity than others in this panel (entry 16-41).,10.1016/j.cej.2025.162336,2025.0,AGGGTGTCTCAAGGTGCGTACCTTGACTGATGAGTCCGAAAGGACGAAACACCCCTCT,58.0
41,CchJ(T1),-,Ribozyme tested in E. coli screen. Lower activity than others in this panel (entry 16-41).,10.1016/j.cej.2025.162336,2025.0,AGTTCCAGTCGAGACCTGAAGTGGGTTTCCTGATGAGGCTGTGGAGAGAGCGAAAGCTTTACTCCCGCACAAGCCGAAACTGGAACCTCT,90.0
42,Csy4 recognition site (28 bp),-,Csy4 recognition site for multiplexing.,10.1016/j.molcel.2014.04.022 ,2014.0,GTTCACTGCCGTATAGGCAGCTAAGAAA,28.0
43,Csy4 recognition site (20 bp),-,Csy4 recognition site for multiplexing. Reported to be more efficient than the full-length 28 bp sequence.,10.1371/journal.pone.0198714,2018.0,GTTCACTGCCGTATAGGCAG,20.0
44,tRNAGly (Oryza sativa),-,tRNA for multiplexing sgRNAs.,10.1073/pnas.142029411,2015.0,CAACAAAGCACCAGTGGTCTAGTGGTAGAATAGTACCCTGCCACGGTACAGACCCGGGTTCGATTCCCGGCTGGTGCA,78.0
45,tRNAGly (Drosophila melanogaster),-,tRNA for multiplexing sgRNAs.,10.1038/nmeth.3972,2016.0,GGGCTTTGAGTGTGTGTAGACATCAAGCATCGGTGGTTCAGTGGTAGAATGCTCGCCTGCCACGCGGGCGGCCCGGGTTCGATTCCCGGCCGATGCA,97.0
46,tRNAMet (Arabidopsis thaliana),-,tRNA for multiplexing sgRNAs.,10.1007/s11103-018-0709-x,2018.0,AACAACAAATCAGAGTGGCGCAGCGGAAGCGTGGTGGGCC CATAACCCACAGGTCCCAGGATCGAAACCTGGCTCTGATA,81.0
47,tRNAGly (Danio rerio),-,tRNA for multiplexing sgRNAs.,10.1038/s41598-018-31476-5,2018.0,GTGAGCATTGGTGGTTCAGTGGTAGAATTCTCGCCTGCCACGCGGGAGGCCCGGGTTCGATTCCCGGCCAATGCA,75.0
48,tRNALys (Danio rerio),-,tRNA for multiplexing sgRNAs.,10.1038/s41598-018-31476-5,2018.0,GTTCTCATCAGCCCGGCTAGCTCAGTCGGTAGAGCATGAGACTCTTAATCTCAGGGTCGTGGGTTCGAGCCCCACGTCGGGCG,83.0
49,tRNAAsn (Danio rerio),-,tRNA for multiplexing sgRNAs.,10.1038/s41598-018-31476-5,2018.0,GCTATCTGTCTCTGTGGCGCAATCGGTTAGCGCGTTCGGCTGTTAACCGAAAGGTTGGTGGTTCGAGCCCACCCAGGGACG,81.0
50,tRNAMet (Danio rerio),-,tRNA for multiplexing sgRNAs.,10.1038/s41598-018-31476-5,2018.0,GCCTGAAGGTTTCCGTAGTGTAGTGGTTATCACGTTCGCCTCATACGCGAAAGGTCCCCAGTTCGAAACTGGGCGGAAACA,81.0
51,tRNAGln (Danio rerio),-,tRNA for multiplexing sgRNAs.,10.1038/s41598-018-31476-5,2018.0,GACTTGAGGTTCCATGGTGTAATGGTTAGCACTCTGGACTCTGAATCCAGCGATCCGAGTTCAAATCTCGGTGGGACCA,79.0
52,tRNASer (Danio rerio),-,tRNA for multiplexing sgRNAs.,10.1038/s41598-018-31476-5,2018.0,GGAAAATGACGAGGTGGCCGAGTGGTTAAGGCGATGGACTGCTAATCCATTGTGCTTTGCACGCATGGGTTCGAATCCCATCCTCGTCG,89.0
53,tRNAThr (Danio rerio),-,tRNA for multiplexing sgRNAs.,10.1038/s41598-018-31476-5,2018.0,GCAGCGGCGCCGTGGCTTAGTTGGTTAAAGCGCCTGTCTAGTAAACAGGAGATCCTGGGTTCGAATCCCAGCGGTGCCT,79.0
54,tRNAHis (Danio rerio),-,tRNA for multiplexing sgRNAs.,10.1038/s41598-018-31476-5,2018.0,GCTCGCCGTGATCGTACAGTGGTTAGTACTCTGCGTTGTGGCCGCAGCAACCCCGGTTCGAATCCGGGTCACGGCA,76.0
55,tRNALeu (Danio rerio),-,tRNA for multiplexing sgRNAs.,10.1038/s41598-018-31476-5,2018.0,GCATGTCAGGATGGCCGAGTGGTCTAAGGCGCTGCGTTCAGGTCGCAGTCTCCCCTGGAGGCGTGGGTTCGAATCCCACTTCTGACA,87.0
56,ΔC55G tRNAPro (Homo sapiens),-,tRNA for multiplexing sgRNAs .Deletion mutant with strongly reduced background promoter activity.,10.1038/s41467-019-09148-3,2019.0,GGCTCGTTGGGAGGTCCCGGGTTGAAATCCCGGACGAGCCC,41.0
57,tRNAVal (Nicotiana benthamiana),-,tRNA for multiplexing sgRNAs.,10.1111/pbi.14198,2024.0,GTTGCTGTGGTGTAGTGGTTATCACGTCAGTCTTACACACTGAAGGTCCCCAGTTCGATCCTGGGCAGCAACA,73.0
58,tRNAPhe (Nicotiana benthamiana),-,tRNA for multiplexing sgRNAs.,10.1111/pbi.14198,2024.0,GCGGGGATAGCTCAGTTGGGAGAGCGTCAGACTGAAGATCTGAAGGTCGCGTGTTCGATCCACGCTCACCGCA,73.0
59,tRNAArg (Nicotiana benthamiana),-,tRNA for multiplexing sgRNAs.,10.1111/pbi.14198,2024.0,GCGTCCATTGTCTAATGGATAGGACAGAGGTCTTCTAAACCTTTGGTATAGGTTCAAATCCTATTGGACGCA,72.0
60,tRNAAsn (Nicotiana benthamiana),-,tRNA for multiplexing sgRNAs.,10.1111/pbi.14198,2024.0,GCTGGAATAGCTCAGTTGGTTAGAGCGTGTGGCTGTTAACCACAAGGTCGGAGGTTCAAGCCCTTCTTCTAGCA,74.0
61,tRNAThr (Nicotiana benthamiana),-,tRNA for multiplexing sgRNAs.,10.1111/pbi.14198,2024.0,GCCCCTATAGCTCAGTGGTAGAGCGTCAGTCTTGTAAACTGAAGGTCCGTAGTTCGATCCTGCGTGGGGGCA,72.0
62,tRNAGly (Nicotiana benthamiana),-,tRNA for multiplexing sgRNAs.,10.1111/pbi.14198,2024.0,GCACCAGTGGTCTAGTGGTAGAATAGTACCCTGCCACGGTACAGACCCGGGTTCGATTCCCGGCTGGTGCA,71.0
63,tRNAArg (Nicotiana benthamiana),-,tRNA for multiplexing sgRNAs.,10.1111/pbi.14198,2024.0,GACTCTGTGGCCCAATGGATAAGGCGCTGGTCTACGAAATCAGAGATTCTGGGTTCGATCCCCAGCAGAGTCA,73.0
64,tRNAArg (Nicotiana benthamiana),-,tRNA for multiplexing sgRNAs.,10.1111/pbi.14198,2024.0,GGGCCTGTAGCTCAGAGGATTAGAGCACGTGGCTACGAACCACGGTGTCGGGGGTTCGAATCCCTCCTCGCCCA,74.0
65,G2U1 G-quadruplex,-,G-quadruplex extension to improve stability of sgRNA.,10.1039/C7CC08893K,2018.0,GGTGGTGGTGG,11.0
66,Zika xrRNA,-,"Extension to improve stability of pegRNA (best performing, among tested extensions Zika, MVE, Dengue)",10.1038/s41467-022-29507-x,2022.0,TGTCAGGCCTGCTAGTCAGCCACAGTTTGGGGAAAGCTGTGCAGCCTGTAACCCCCCCA GGAGAAGCTGGGAAACCAAGCT,82.0
67,MVE xrRNA,-,"Extension to improve stability of pegRNA (best performing, among tested extensions Zika, MVE, Dengue)",10.1038/s41467-022-29507-x,2022.0,TAGTCAGGCCAGCCGGTTAGGCTGCCACCGAAGGTTGGTAGACGGTGCTGCCTGCGAC CAACCCCAGGAGGACTGGGT,79.0
68,Dengue xrRNA,-,"Extension to improve stability of pegRNA (best performing, among tested extensions Zika, MVE, Dengue)",10.1038/s41467-022-29507-x,2022.0,AGTCAGGCCACTTGTGCCACGGTTTGAGCAAACCGTGCTGCCTGTAGCTCCGCCAATAA TGGGAGGCGT,70.0
69,Mpknot,-,Extension to improve stability of pegRNA,10.1038/s41587-021-01039-7,2022.0,TCAGGAGCCCCCCCCCTGAACCCAGGATAACCCTCAAAGTCGGGGGGC,48.0
70,tevopreQ1,-,Extension to improve stability of pegRNA,10.1038/s41587-021-01039-7,2022.0,CGCGGTTCTATCTAGTTACGCGTTAAACCAACTAGAA,37.0
71,csgRNA (RNA cyclase ribozyme),-,"Ribozymes to create circular sgRNA in E. coli, higher efficiency than linear sgRNAs for CBE and ABE.",10.1021/acssynbio.2c00381,2022.0,TAAATGCCTAACGACTATCCCTTTGGGGAGTAGGGTCAAGTGACTCGAAACGASTAGACAACTTGCTTTAACAAGTTGGAGATATAGTCTGCTCTGCATGGTGACATGCAGCTGGATATAATTCCGGGGTAAGATTAACGACCTTATCTGAACATAATGCTACCTTAGCGAGTAGCGAAGACGTTATCAAAGAGTTCATGCGTTTCAAAGTTCGTATGGAAGGTTCCGTTAACGGTCACGAGTTCGAAATCGAAGGTGAAGGTGAAGGTCGTCCGTACGAAGGTACCCAGACCGCTAAACTGAAAGTTACCAAAGGTGGTCCGCTGCCGTTCGCTTGGGACATCCTGTCCCCGCAGTTCCAGTACGGTTCCAAAGCTTACGTTAAACACCCGGCTGACATCCCGGACTACCTGAATGCT(N20)GTTTTAGAGCTAGAAATAGCAAGTTAAAATAAGGCTAGTCCGTTATCAACTTGAAAAAGTGGCACCGAGTCGGTGCTTGGATGATCTCAGGTCAATTGAGGCCTGAGTATAAGGTGACTTATACTTGTAATCTATCTAAACGGGGAACCTCTCTAGTAGACAATCCCGTGCTAAATTGTAGGACTGCCCTTTAATA,620.0
72,csgRNA (Twister),-,Twister ribozymes to create circular sgRNA in mammalian cells. Lower genome editing efficiency than linear sgRNAs.,10.3389/fcell.2022.863431,2022.0,GCCATCAGTCGCCGGTCCCAAGCCCGGATAAAATGGGAGGGGGCGGGAAACCGCCTCTGCCATCAGTCGGCGTGGACTGTAG(N20)GTTTTAGAGCTAGAAATAGCAAGTTAAAATAAGGCTAGTCCGTTATCAACTTGAAAAAGTGGCACCGAGTCGGTGCAACCATGCCGACTGATGGCAGAACACTGCCAATGCCGGTCCCAAGCCCGGATAAAAGTGGAGGGTACAGTCCACGC,239.0
